rep,arm,mission,scenario,zones_installed,obstacles_installed,outcome,reason,plan_mode,zone_pass,plan_total_ms,chain_total_ms,frontend_ms,max_solve_ms,eikonal_ms,grid,ceiling_u,geo_z_max_u,pieces,flight_s,min_agl_u,env_viol_pct,env_peak_pct,env_peak_limit,risk_max,risk_exposure_s,hard_zone_contacts,hard_zone_contact_s,soft_zone_contacts,zone_policy_measurable,zone_sample_dt,obstacles_expected,obstacles_added,obstacles_deferred,obstacles_skipped,retry_fallback,seam_worst,zones_in_search,leaked_procs,log,log_src
1,off,r1_coastal_terrain_following,r1_dynamic_surface_obstacles,2,5,REJECTED,"stitched flight is unflyable (hard-zone contact; ) — whole-flight evaluation, which no per-solve audit performs",,1,1050.0,,,,991.9,1969x489x120,32.05,6.19,,,,0.0,0.0,,0.0000,0.0,21,2.1,0,true,0.10,5,5,0,0,0,3.140e-16,2,0,off_r1_coastal_terrain_following_r1_dynamic_surface_obstacles_r1.log,path_manager_20260811_145752.log
1,on,r1_coastal_terrain_following,r1_dynamic_surface_obstacles,2,5,CLEAN,,chain,1,1033.0,1033.0,991.0,39.0,970.7,1969x489x120,32.05,6.19,100,827.9,0.63,0.0,93.8,maximum thrust,0.0000,0.0,0,0.0,0,true,0.10,5,5,0,0,0,4.547e-13,2,0,on_r1_coastal_terrain_following_r1_dynamic_surface_obstacles_r1.log,path_manager_20260811_145812.log
1,direct_off,r1_coastal_terrain_following,r1_dynamic_surface_obstacles,2,5,CLEAN,,direct,1,1847.0,,,,753.0,1969x489x120,32.05,6.17,,,0.697,0.0,98.5,load factor,0.0000,0.0,0,0.0,0,true,0.10,5,5,0,0,2,,2,0,direct_off_r1_coastal_terrain_following_r1_dynamic_surface_obstacles_r1.log,path_manager_20260811_145832.log
1,off,r2_high_altitude_probe,,0,0,CLEAN,,chain,,525.0,525.0,325.0,198.0,309.5,537x950x98,32.25,10.14,98,482.7,0.579,0.0,94.3,maximum thrust,0.0000,0.0,0,0.0,0,true,0.10,0,,,,0,9.095e-13,0,0,off_r2_high_altitude_probe_nozone_r1.log,path_manager_20260811_145852.log
1,on,r2_high_altitude_probe,,0,0,CLEAN,,chain,,529.0,529.0,330.0,197.0,314.8,537x950x98,32.25,10.14,98,482.7,0.579,0.0,94.3,maximum thrust,0.0000,0.0,0,0.0,0,true,0.10,0,,,,0,9.095e-13,0,0,on_r2_high_altitude_probe_nozone_r1.log,path_manager_20260811_145904.log
1,direct_off,r2_high_altitude_probe,,0,0,CLEAN,,direct,,667.0,,,,153.3,537x950x98,32.25,10.14,,,0.577,0.0,94.8,maximum thrust,0.0000,0.0,0,0.0,0,true,0.10,0,,,,2,,0,0,direct_off_r2_high_altitude_probe_nozone_r1.log,path_manager_20260811_145916.log
1,off,r2_ridge_crossing,r2_ridge_gauntlet,6,6,CLEAN,,direct,1,28657.0,,,,1128.5,726x1139x124,34.28,10.28,,,0.29,0.0,99.2,bank angle,0.0000,0.0,0,0.0,0,true,0.10,6,6,0,0,2,,6,0,off_r2_ridge_crossing_r2_ridge_gauntlet_r1.log,path_manager_20260811_145928.log
1,on,r2_ridge_crossing,r2_ridge_gauntlet,6,6,CLEAN,,direct,1,26465.0,,,,1102.9,726x1139x124,34.28,10.28,,,0.29,0.0,99.2,bank angle,0.0000,0.0,0,0.0,0,true,0.10,6,6,0,0,2,,6,0,on_r2_ridge_crossing_r2_ridge_gauntlet_r1.log,path_manager_20260811_150015.log
1,direct_off,r2_ridge_crossing,r2_ridge_gauntlet,6,6,CLEAN,,direct,1,23367.0,,,,1132.4,726x1139x124,34.28,10.28,,,0.29,0.0,99.2,bank angle,0.0000,0.0,0,0.0,0,true,0.10,6,6,0,0,2,,6,0,direct_off_r2_ridge_crossing_r2_ridge_gauntlet_r1.log,path_manager_20260811_150100.log
1,off,r3_mountain_terrain_following,r3_dense_corridor,9,10,CLEAN,,chain,1,6047.0,6047.0,628.0,5416.0,596.2,356x718x134,36.89,8.0,159,326.8,0.29,0.4,101.9,bank angle,0.0000,0.0,0,0.0,0,true,0.10,10,10,0,0,1,9.095e-13,9,0,off_r3_mountain_terrain_following_r3_dense_corridor_r1.log,path_manager_20260811_150142.log
1,on,r3_mountain_terrain_following,r3_dense_corridor,9,10,CLEAN,,chain,1,5962.0,5962.0,639.0,5320.0,606.9,356x718x134,36.89,8.0,159,326.9,0.285,0.4,101.9,bank angle,0.0000,0.0,0,0.0,0,true,0.10,10,10,0,0,1,9.095e-13,9,0,on_r3_mountain_terrain_following_r3_dense_corridor_r1.log,path_manager_20260811_150206.log
1,direct_off,r3_mountain_terrain_following,r3_dense_corridor,9,10,CLEAN,,direct,1,10143.0,,,,491.0,356x718x134,36.89,8.0,,,0.333,0.0,97.1,maximum thrust,0.0000,0.0,0,0.0,0,true,0.10,10,10,0,0,2,,9,0,direct_off_r3_mountain_terrain_following_r3_dense_corridor_r1.log,path_manager_20260811_150229.log
1,off,r3_mountain_terrain_following,r3_dense_overlap,7,7,REJECTED,segment 3/3 failed (merge retries exhausted); single-shot fallback failed too,,1,1991.0,,,,654.0,467x763x125,34.29,7.1,,,,,5492.0,,,,,,,,,7,7,0,0,3,,7,0,off_r3_mountain_terrain_following_r3_dense_overlap_r1.log,path_manager_20260811_150257.log
1,on,r3_mountain_terrain_following,r3_dense_overlap,7,7,REJECTED,segment 3/3 failed (merge retries exhausted); single-shot fallback failed too,,1,2009.0,,,,665.7,467x763x125,34.29,7.1,,,,,5492.0,,,,,,,,,7,7,0,0,3,,7,0,on_r3_mountain_terrain_following_r3_dense_overlap_r1.log,path_manager_20260811_150316.log
1,direct_off,r3_mountain_terrain_following,r3_dense_overlap,7,7,REJECTED,auto-N below threshold (phase mode: direct); single-shot fallback failed too,,1,1706.0,,,,664.0,467x763x125,34.29,7.1,,,,,5492.0,,,,,,,,,7,7,0,0,1,,7,0,direct_off_r3_mountain_terrain_following_r3_dense_overlap_r1.log,path_manager_20260811_150335.log
1,off,r3_mountain_terrain_following,r3_goal_in_zone,1,1,CLEAN,,chain,1,10532.0,10532.0,323.0,10208.0,304.8,279x763x125,34.29,7.75,141,322.3,0.083,0.8,104.6,bank angle,0.8140,3.9,0,0.0,52,true,0.10,1,1,0,0,0,1.017e-12,1,0,off_r3_mountain_terrain_following_r3_goal_in_zone_r1.log,path_manager_20260811_150354.log
1,on,r3_mountain_terrain_following,r3_goal_in_zone,1,1,CLEAN,,chain,1,4107.0,4108.0,319.0,3786.0,304.2,279x763x125,34.29,7.5,134,322.4,0.079,0.8,104.7,bank angle,0.8139,3.9,0,0.0,51,true,0.10,1,1,0,0,0,4.547e-13,1,0,on_r3_mountain_terrain_following_r3_goal_in_zone_r1.log,path_manager_20260811_150422.log
1,direct_off,r3_mountain_terrain_following,r3_goal_in_zone,1,1,CLEAN,,direct,1,8298.0,,,,182.6,279x763x125,34.29,7.75,,,0.053,2.3,106.7,bank angle,0.8140,3.9,0,0.0,52,true,0.10,1,1,0,0,2,,1,0,direct_off_r3_mountain_terrain_following_r3_goal_in_zone_r1.log,path_manager_20260811_150443.log
1,off,r3_mountain_terrain_following,r3_mixed_terrain_zones,5,7,CLEAN,,chain,2,10001.0,10002.0,1501.0,8498.0,1472.6,317x740x126,34.67,6.62,162,320.3,0.179,1.6,102.6,bank angle,0.0010,0.0,0,0.0,25,true,0.10,7,7,0,0,1,6.431e-13,5,0,off_r3_mountain_terrain_following_r3_mixed_terrain_zones_r1.log,path_manager_20260811_150509.log
1,on,r3_mountain_terrain_following,r3_mixed_terrain_zones,5,7,CLEAN,,chain,2,10313.0,10313.0,1502.0,8302.0,1473.7,317x740x126,34.67,6.62,162,320.6,0.179,1.6,102.6,bank angle,0.0010,0.0,0,0.0,23,true,0.10,7,7,0,0,3,4.441e-16,5,0,on_r3_mountain_terrain_following_r3_mixed_terrain_zones_r1.log,path_manager_20260811_150536.log
1,direct_off,r3_mountain_terrain_following,r3_mixed_terrain_zones,5,7,CLEAN,,direct,2,11990.0,,,,1309.3,317x740x126,34.67,6.62,,,0.168,1.4,107.5,bank angle,0.0010,0.0,0,0.0,22,true,0.10,7,7,0,0,2,,5,0,direct_off_r3_mountain_terrain_following_r3_mixed_terrain_zones_r1.log,path_manager_20260811_150604.log
1,off,r3_mountain_terrain_following,r3_multiple_zones,3,4,CLEAN,,chain,1,889.0,889.0,462.0,426.0,446.6,423x696x132,36.34,8.64,104,238.9,0.317,0.1,100.7,maximum thrust,0.0000,0.0,0,0.0,0,true,0.10,4,4,0,0,1,4.547e-13,3,0,off_r3_mountain_terrain_following_r3_multiple_zones_r1.log,path_manager_20260811_150634.log
1,on,r3_mountain_terrain_following,r3_multiple_zones,3,4,CLEAN,,chain,1,877.0,878.0,474.0,402.0,459.0,423x696x132,36.34,8.64,112,238.6,0.324,0.0,98.3,maximum thrust,0.0000,0.0,0,0.0,0,true,0.10,4,4,0,0,1,2.484e-16,3,0,on_r3_mountain_terrain_following_r3_multiple_zones_r1.log,path_manager_20260811_150654.log
1,direct_off,r3_mountain_terrain_following,r3_multiple_zones,3,4,CLEAN,,direct,1,2412.0,,,,336.0,423x696x132,36.34,8.6,,,0.349,0.0,94.3,bank angle,0.0000,0.0,0,0.0,0,true,0.10,4,4,0,0,2,,3,0,direct_off_r3_mountain_terrain_following_r3_multiple_zones_r1.log,path_manager_20260811_150712.log
1,off,r3_mountain_terrain_following,r3_nested_zones,4,4,CLEAN,,chain,1,1319.0,1320.0,808.0,510.0,777.2,463x940x111,30.14,7.68,95,289.3,0.352,0.0,97.8,lift coefficient,0.0000,0.0,0,0.0,0,true,0.10,4,4,0,0,1,4.547e-13,4,0,off_r3_mountain_terrain_following_r3_nested_zones_r1.log,path_manager_20260811_150732.log
1,on,r3_mountain_terrain_following,r3_nested_zones,4,4,CLEAN,,chain,1,1867.0,1867.0,806.0,1059.0,775.0,463x940x111,30.14,7.68,95,288.2,0.343,0.0,99.7,bank angle,0.0000,0.0,0,0.0,0,true,0.10,4,4,0,0,1,1.017e-12,4,0,on_r3_mountain_terrain_following_r3_nested_zones_r1.log,path_manager_20260811_150751.log
1,direct_off,r3_mountain_terrain_following,r3_nested_zones,4,4,CLEAN,,direct,1,4182.0,,,,623.8,463x940x111,30.14,7.68,,,0.341,0.0,94.9,maximum thrust,0.0000,0.0,0,0.0,0,true,0.10,4,4,0,0,2,,4,0,direct_off_r3_mountain_terrain_following_r3_nested_zones_r1.log,path_manager_20260811_150810.log
1,off,r3_mountain_terrain_following,r3_single_large_zone,1,1,REJECTED,segment 3/3 failed (merge retries exhausted); single-shot fallback failed too,,1,1487.0,,,,498.8,508x896x117,32.03,3.79,,,,,0.0,,,,,,,,,1,1,0,0,3,,1,0,off_r3_mountain_terrain_following_r3_single_large_zone_r1.log,path_manager_20260811_150831.log
1,on,r3_mountain_terrain_following,r3_single_large_zone,1,1,REJECTED,segment 2/3 failed (merge retries exhausted); single-shot fallback failed too,,1,1532.0,,,,496.5,508x896x117,32.03,3.79,,,,,0.0,,,,,,,,,1,1,0,0,5,,1,0,on_r3_mountain_terrain_following_r3_single_large_zone_r1.log,path_manager_20260811_150850.log
1,direct_off,r3_mountain_terrain_following,r3_single_large_zone,1,1,REJECTED,auto-N below threshold (phase mode: direct); single-shot fallback failed too,,1,1276.0,,,,495.8,508x896x117,32.03,3.79,,,,,0.0,,,,,,,,,1,1,0,0,1,,1,0,direct_off_r3_mountain_terrain_following_r3_single_large_zone_r1.log,path_manager_20260811_150909.log
1,off,r4_long_range_traverse,r4_traverse_chain,10,10,CLEAN,,chain,1,3511.0,3511.0,2154.0,1340.0,2076.8,2377x458x128,35.25,8.71,467,1904.4,0.364,0.0,100.3,maximum thrust,0.0000,0.0,0,0.0,0,true,0.10,10,10,0,0,0,9.095e-13,10,0,off_r4_long_range_traverse_r4_traverse_chain_r1.log,path_manager_20260811_150927.log
1,on,r4_long_range_traverse,r4_traverse_chain,10,10,CLEAN,,chain,1,3551.0,3551.0,2172.0,1362.0,2094.8,2377x458x128,35.25,8.71,467,1905.5,0.15,0.3,106.6,bank angle,0.0000,0.0,0,0.0,0,true,0.10,10,10,0,0,0,1.017e-12,10,0,on_r4_long_range_traverse_r4_traverse_chain_r1.log,path_manager_20260811_150948.log
1,direct_off,r4_long_range_traverse,r4_traverse_chain,10,10,CLEAN,,direct,1,9739.0,,,,1826.5,2377x458x128,35.25,8.71,,,0.385,0.0,96.6,bank angle,0.0000,0.0,0,0.0,0,true,0.10,10,10,0,0,2,,10,0,direct_off_r4_long_range_traverse_r4_traverse_chain_r1.log,path_manager_20260811_151010.log
1,off,r5_extended_corridor,r5_corridor_wall,8,8,CLEAN,,chain,2,7354.0,7354.0,2921.0,4425.0,2857.7,350x1960x111,29.9,6.26,329,1142.9,0.399,0.0,96.6,maximum thrust,0.0000,0.0,0,0.0,3,true,0.10,8,8,0,0,0,1.286e-12,8,0,off_r5_extended_corridor_r5_corridor_wall_r1.log,path_manager_20260811_151037.log
1,on,r5_extended_corridor,r5_corridor_wall,8,8,CLEAN,,chain,2,7266.0,7267.0,2874.0,4384.0,2810.7,350x1960x111,29.9,6.26,329,1143.0,0.284,0.0,96.8,maximum thrust,0.0000,0.0,0,0.0,3,true,0.10,8,8,0,0,0,9.095e-13,8,0,on_r5_extended_corridor_r5_corridor_wall_r1.log,path_manager_20260811_151103.log
1,direct_off,r5_extended_corridor,r5_corridor_wall,8,8,CLEAN,,direct,2,17205.0,,,,2625.2,350x1960x111,29.9,6.26,,,0.358,0.0,95.3,maximum thrust,0.0000,0.0,0,0.0,3,true,0.10,8,8,0,0,2,,8,0,direct_off_r5_extended_corridor_r5_corridor_wall_r1.log,path_manager_20260811_151129.log
1,off,r5_transition_success_probe,r5_corridor_wall,8,8,REJECTED,no candidate survived propagation gates (see audit counters),,2,2887.0,,,,2802.4,350x1960x111,29.9,6.26,,,,,,,,,,,,,,8,8,0,0,0,,8,0,off_r5_transition_success_probe_r5_corridor_wall_r1.log,path_manager_20260811_151205.log
1,on,r5_transition_success_probe,r5_corridor_wall,8,8,REJECTED,no candidate survived propagation gates (see audit counters),,2,2887.0,,,,2802.2,350x1960x111,29.9,6.26,,,,,,,,,,,,,,8,8,0,0,0,,8,0,on_r5_transition_success_probe_r5_corridor_wall_r1.log,path_manager_20260811_151226.log
1,direct_off,r5_transition_success_probe,r5_corridor_wall,8,8,REJECTED,no candidate survived propagation gates (see audit counters),,2,2873.0,,,,2787.7,350x1960x111,29.9,6.26,,,,,,,,,,,,,,8,8,0,0,0,,8,0,direct_off_r5_transition_success_probe_r5_corridor_wall_r1.log,path_manager_20260811_151248.log
1,off,r5_transition_reject_probe,r5_corridor_wall,8,8,REJECTED,commanded start acceleration is not flyable by the model (inverse commands do not reproduce it inside the envelope),,2,2870.0,,,,2806.8,350x1960x111,29.9,6.26,,,,,,,,,,,,,,8,8,0,0,0,,8,0,off_r5_transition_reject_probe_r5_corridor_wall_r1.log,path_manager_20260811_151309.log
1,on,r5_transition_reject_probe,r5_corridor_wall,8,8,REJECTED,commanded start acceleration is not flyable by the model (inverse commands do not reproduce it inside the envelope),,2,2855.0,,,,2791.8,350x1960x111,29.9,6.26,,,,,,,,,,,,,,8,8,0,0,0,,8,0,on_r5_transition_reject_probe_r5_corridor_wall_r1.log,path_manager_20260811_151331.log
1,direct_off,r5_transition_reject_probe,r5_corridor_wall,8,8,REJECTED,commanded start acceleration is not flyable by the model (inverse commands do not reproduce it inside the envelope),,2,2878.0,,,,2814.4,350x1960x111,29.9,6.26,,,,,,,,,,,,,,8,8,0,0,0,,8,0,direct_off_r5_transition_reject_probe_r5_corridor_wall_r1.log,path_manager_20260811_151353.log
1,off,r6_zone_slalom,r6_slalom_gates,8,8,CLEAN,,chain,2,5831.0,5831.0,3108.0,2831.0,3057.9,621x1176x128,35.47,6.6,111,538.2,0.079,0.1,101.4,load factor,0.0539,0.3,0,0.0,164,true,0.10,8,8,0,0,3,1.017e-12,8,0,off_r6_zone_slalom_r6_slalom_gates_r1.log,path_manager_20260811_151414.log
1,on,r6_zone_slalom,r6_slalom_gates,8,8,CLEAN,,chain,2,5814.0,5814.0,3090.0,2832.0,3039.8,621x1176x128,35.47,6.6,111,538.2,0.079,0.1,101.4,load factor,0.0539,0.3,0,0.0,164,true,0.10,8,8,0,0,3,1.017e-12,8,0,on_r6_zone_slalom_r6_slalom_gates_r1.log,path_manager_20260811_151438.log
1,direct_off,r6_zone_slalom,r6_slalom_gates,8,8,CLEAN,,direct,2,9533.0,,,,2845.2,621x1176x128,35.47,6.6,,,0.004,0.2,101.2,bank angle,0.0539,0.3,0,0.0,163,true,0.10,8,8,0,0,2,,8,0,direct_off_r6_zone_slalom_r6_slalom_gates_r1.log,path_manager_20260811_151502.log
1,off,r7_encircled_goal,r7_goal_ring,8,8,REJECTED,N=2 shared handoff admits no arrival retry; single-shot fallback failed too,,1,976.0,,,,274.1,917x356x97,27.95,5.56,,,,,0.0,,,,,,,,,8,8,0,0,1,,8,0,off_r7_encircled_goal_r7_goal_ring_r1.log,path_manager_20260811_151529.log
1,on,r7_encircled_goal,r7_goal_ring,8,8,REJECTED,N=2 shared handoff admits no arrival retry; single-shot fallback failed too,,1,959.0,,,,273.8,917x356x97,27.95,5.56,,,,,0.0,,,,,,,,,8,8,0,0,1,,8,0,on_r7_encircled_goal_r7_goal_ring_r1.log,path_manager_20260811_151547.log
1,direct_off,r7_encircled_goal,r7_goal_ring,8,8,REJECTED,auto-N below threshold (phase mode: direct); single-shot fallback failed too,,1,811.0,,,,248.9,917x356x97,27.95,5.56,,,,,0.0,,,,,,,,,8,8,0,0,1,,8,0,direct_off_r7_encircled_goal_r7_goal_ring_r1.log,path_manager_20260811_151605.log
2,on,r1_coastal_terrain_following,r1_dynamic_surface_obstacles,2,5,REJECTED,"stitched flight is unflyable (hard-zone contact; ) — whole-flight evaluation, which no per-solve audit performs",,1,1012.0,,,,953.2,1969x489x120,32.05,6.19,,,,0.0,0.0,,0.0000,0.0,21,2.1,0,true,0.10,5,5,0,0,0,3.140e-16,2,0,on_r1_coastal_terrain_following_r1_dynamic_surface_obstacles_r2.log,path_manager_20260811_151626.log
2,off,r1_coastal_terrain_following,r1_dynamic_surface_obstacles,2,5,REJECTED,"stitched flight is unflyable (hard-zone contact; ) — whole-flight evaluation, which no per-solve audit performs",,1,1037.0,,,,979.0,1969x489x120,32.05,6.19,,,,0.0,0.0,,0.0000,0.0,20,2.0,0,true,0.10,5,5,0,0,0,4.547e-13,2,0,off_r1_coastal_terrain_following_r1_dynamic_surface_obstacles_r2.log,path_manager_20260811_151645.log
2,on,r2_high_altitude_probe,,0,0,CLEAN,,chain,,527.0,528.0,331.0,195.0,315.5,537x950x98,32.25,10.14,98,482.7,0.579,0.0,94.3,maximum thrust,0.0000,0.0,0,0.0,0,true,0.10,0,,,,0,9.095e-13,0,0,on_r2_high_altitude_probe_nozone_r2.log,path_manager_20260811_151704.log
2,off,r2_high_altitude_probe,,0,0,CLEAN,,chain,,474.0,474.0,315.0,157.0,300.2,537x950x98,32.25,10.14,98,482.7,0.579,0.0,94.3,maximum thrust,0.0000,0.0,0,0.0,0,true,0.10,0,,,,0,9.095e-13,0,0,off_r2_high_altitude_probe_nozone_r2.log,path_manager_20260811_151716.log
2,on,r2_ridge_crossing,r2_ridge_gauntlet,6,6,CLEAN,,direct,1,26523.0,,,,1119.5,726x1139x124,34.28,10.28,,,0.29,0.0,99.2,bank angle,0.0000,0.0,0,0.0,0,true,0.10,6,6,0,0,2,,6,0,on_r2_ridge_crossing_r2_ridge_gauntlet_r2.log,path_manager_20260811_151728.log
2,off,r2_ridge_crossing,r2_ridge_gauntlet,6,6,CLEAN,,direct,1,29413.0,,,,1110.6,726x1139x124,34.28,10.28,,,0.29,0.0,99.2,bank angle,0.0000,0.0,0,0.0,0,true,0.10,6,6,0,0,2,,6,0,off_r2_ridge_crossing_r2_ridge_gauntlet_r2.log,path_manager_20260811_151813.log
2,on,r3_mountain_terrain_following,r3_dense_corridor,9,10,CLEAN,,chain,1,5749.0,5749.0,628.0,5119.0,595.3,356x718x134,36.89,8.0,159,326.9,0.285,0.4,101.9,bank angle,0.0000,0.0,0,0.0,0,true,0.10,10,10,0,0,1,9.095e-13,9,0,on_r3_mountain_terrain_following_r3_dense_corridor_r2.log,path_manager_20260811_151902.log
2,off,r3_mountain_terrain_following,r3_dense_corridor,9,10,CLEAN,,chain,1,5903.0,5903.0,631.0,5269.0,598.9,356x718x134,36.89,8.0,159,326.8,0.29,0.4,101.9,bank angle,0.0000,0.0,0,0.0,0,true,0.10,10,10,0,0,1,9.095e-13,9,0,off_r3_mountain_terrain_following_r3_dense_corridor_r2.log,path_manager_20260811_151925.log
2,on,r3_mountain_terrain_following,r3_dense_overlap,7,7,REJECTED,segment 3/3 failed (merge retries exhausted); single-shot fallback failed too,,1,1978.0,,,,656.7,467x763x125,34.29,7.1,,,,,5492.0,,,,,,,,,7,7,0,0,3,,7,0,on_r3_mountain_terrain_following_r3_dense_overlap_r2.log,path_manager_20260811_151948.log
2,off,r3_mountain_terrain_following,r3_dense_overlap,7,7,REJECTED,segment 3/3 failed (merge retries exhausted); single-shot fallback failed too,,1,1992.0,,,,682.1,467x763x125,34.29,7.1,,,,,5492.0,,,,,,,,,7,7,0,0,3,,7,0,off_r3_mountain_terrain_following_r3_dense_overlap_r2.log,path_manager_20260811_152007.log
2,on,r3_mountain_terrain_following,r3_goal_in_zone,1,1,CLEAN,,chain,1,3860.0,3860.0,321.0,3538.0,305.4,279x763x125,34.29,7.5,134,322.4,0.079,0.8,104.7,bank angle,0.8139,3.9,0,0.0,51,true,0.10,1,1,0,0,0,4.547e-13,1,0,on_r3_mountain_terrain_following_r3_goal_in_zone_r2.log,path_manager_20260811_152026.log
2,off,r3_mountain_terrain_following,r3_goal_in_zone,1,1,CLEAN,,chain,1,10354.0,10355.0,320.0,10033.0,302.9,279x763x125,34.29,7.75,141,322.3,0.083,0.8,104.6,bank angle,0.8140,3.9,0,0.0,52,true,0.10,1,1,0,0,0,1.017e-12,1,0,off_r3_mountain_terrain_following_r3_goal_in_zone_r2.log,path_manager_20260811_152048.log
2,on,r3_mountain_terrain_following,r3_mixed_terrain_zones,5,7,CLEAN,,chain,2,10300.0,10301.0,1503.0,8275.0,1474.4,317x740x126,34.67,6.62,162,320.6,0.179,1.6,102.6,bank angle,0.0010,0.0,0,0.0,23,true,0.10,7,7,0,0,3,4.441e-16,5,0,on_r3_mountain_terrain_following_r3_mixed_terrain_zones_r2.log,path_manager_20260811_152116.log
2,off,r3_mountain_terrain_following,r3_mixed_terrain_zones,5,7,CLEAN,,chain,2,9709.0,9710.0,1482.0,8225.0,1453.2,317x740x126,34.67,6.62,162,320.3,0.179,1.6,102.6,bank angle,0.0010,0.0,0,0.0,25,true,0.10,7,7,0,0,1,6.431e-13,5,0,off_r3_mountain_terrain_following_r3_mixed_terrain_zones_r2.log,path_manager_20260811_152145.log
2,on,r3_mountain_terrain_following,r3_multiple_zones,3,4,CLEAN,,chain,1,1656.0,1657.0,464.0,1191.0,448.3,423x696x132,36.34,8.61,104,236.7,0.333,0.0,99.0,maximum thrust,0.0000,0.0,0,0.0,0,true,0.10,4,4,0,0,1,9.095e-13,3,0,on_r3_mountain_terrain_following_r3_multiple_zones_r2.log,path_manager_20260811_152212.log
2,off,r3_mountain_terrain_following,r3_multiple_zones,3,4,CLEAN,,chain,1,790.0,790.0,467.0,322.0,451.6,423x696x132,36.34,8.64,112,238.6,0.324,0.0,98.3,maximum thrust,0.0000,0.0,0,0.0,0,true,0.10,4,4,0,0,1,2.484e-16,3,0,off_r3_mountain_terrain_following_r3_multiple_zones_r2.log,path_manager_20260811_152231.log
2,on,r3_mountain_terrain_following,r3_nested_zones,4,4,CLEAN,,chain,1,1759.0,1759.0,792.0,965.0,761.3,463x940x111,30.14,7.68,95,288.2,0.343,0.0,99.7,bank angle,0.0000,0.0,0,0.0,0,true,0.10,4,4,0,0,1,1.017e-12,4,0,on_r3_mountain_terrain_following_r3_nested_zones_r2.log,path_manager_20260811_152250.log
2,off,r3_mountain_terrain_following,r3_nested_zones,4,4,CLEAN,,chain,1,1298.0,1299.0,794.0,503.0,763.6,463x940x111,30.14,7.68,95,289.3,0.352,0.0,97.8,lift coefficient,0.0000,0.0,0,0.0,0,true,0.10,4,4,0,0,1,4.547e-13,4,0,off_r3_mountain_terrain_following_r3_nested_zones_r2.log,path_manager_20260811_152310.log
2,on,r3_mountain_terrain_following,r3_single_large_zone,1,1,REJECTED,segment 2/3 failed (merge retries exhausted); single-shot fallback failed too,,1,1523.0,,,,494.8,508x896x117,32.03,3.79,,,,,0.0,,,,,,,,,1,1,0,0,5,,1,0,on_r3_mountain_terrain_following_r3_single_large_zone_r2.log,path_manager_20260811_152329.log
2,off,r3_mountain_terrain_following,r3_single_large_zone,1,1,REJECTED,segment 3/3 failed (merge retries exhausted); single-shot fallback failed too,,1,1492.0,,,,495.0,508x896x117,32.03,3.79,,,,,0.0,,,,,,,,,1,1,0,0,3,,1,0,off_r3_mountain_terrain_following_r3_single_large_zone_r2.log,path_manager_20260811_152347.log
2,on,r4_long_range_traverse,r4_traverse_chain,10,10,CLEAN,,chain,1,3549.0,3549.0,2174.0,1358.0,2095.5,2377x458x128,35.25,8.71,467,1905.5,0.15,0.3,106.6,bank angle,0.0000,0.0,0,0.0,0,true,0.10,10,10,0,0,0,1.017e-12,10,0,on_r4_long_range_traverse_r4_traverse_chain_r2.log,path_manager_20260811_152406.log
2,off,r4_long_range_traverse,r4_traverse_chain,10,10,CLEAN,,chain,1,3509.0,3509.0,2166.0,1327.0,2088.5,2377x458x128,35.25,8.71,467,1904.4,0.364,0.0,100.3,maximum thrust,0.0000,0.0,0,0.0,0,true,0.10,10,10,0,0,0,9.095e-13,10,0,off_r4_long_range_traverse_r4_traverse_chain_r2.log,path_manager_20260811_152427.log
2,on,r5_extended_corridor,r5_corridor_wall,8,8,CLEAN,,chain,2,7235.0,7235.0,2842.0,4384.0,2779.3,350x1960x111,29.9,6.26,329,1143.0,0.284,0.0,96.8,maximum thrust,0.0000,0.0,0,0.0,3,true,0.10,8,8,0,0,0,9.095e-13,8,0,on_r5_extended_corridor_r5_corridor_wall_r2.log,path_manager_20260811_152448.log
2,off,r5_extended_corridor,r5_corridor_wall,8,8,CLEAN,,chain,2,7233.0,7234.0,2856.0,4370.0,2792.7,350x1960x111,29.9,6.26,329,1142.9,0.399,0.0,96.6,maximum thrust,0.0000,0.0,0,0.0,3,true,0.10,8,8,0,0,0,1.286e-12,8,0,off_r5_extended_corridor_r5_corridor_wall_r2.log,path_manager_20260811_152514.log
2,on,r5_transition_success_probe,r5_corridor_wall,8,8,REJECTED,no candidate survived propagation gates (see audit counters),,2,2866.0,,,,2781.2,350x1960x111,29.9,6.26,,,,,,,,,,,,,,8,8,0,0,0,,8,0,on_r5_transition_success_probe_r5_corridor_wall_r2.log,path_manager_20260811_152540.log
2,off,r5_transition_success_probe,r5_corridor_wall,8,8,REJECTED,no candidate survived propagation gates (see audit counters),,2,2896.0,,,,2811.7,350x1960x111,29.9,6.26,,,,,,,,,,,,,,8,8,0,0,0,,8,0,off_r5_transition_success_probe_r5_corridor_wall_r2.log,path_manager_20260811_152602.log
2,on,r5_transition_reject_probe,r5_corridor_wall,8,8,REJECTED,commanded start acceleration is not flyable by the model (inverse commands do not reproduce it inside the envelope),,2,2879.0,,,,2816.4,350x1960x111,29.9,6.26,,,,,,,,,,,,,,8,8,0,0,0,,8,0,on_r5_transition_reject_probe_r5_corridor_wall_r2.log,path_manager_20260811_152623.log
2,off,r5_transition_reject_probe,r5_corridor_wall,8,8,REJECTED,commanded start acceleration is not flyable by the model (inverse commands do not reproduce it inside the envelope),,2,2848.0,,,,2784.7,350x1960x111,29.9,6.26,,,,,,,,,,,,,,8,8,0,0,0,,8,0,off_r5_transition_reject_probe_r5_corridor_wall_r2.log,path_manager_20260811_152645.log
2,on,r6_zone_slalom,r6_slalom_gates,8,8,CLEAN,,chain,2,5853.0,5853.0,3097.0,2866.0,3046.0,621x1176x128,35.47,6.6,111,538.2,0.079,0.1,101.4,load factor,0.0539,0.3,0,0.0,164,true,0.10,8,8,0,0,3,1.017e-12,8,0,on_r6_zone_slalom_r6_slalom_gates_r2.log,path_manager_20260811_152707.log
2,off,r6_zone_slalom,r6_slalom_gates,8,8,CLEAN,,chain,2,5903.0,5904.0,3098.0,2914.0,3047.4,621x1176x128,35.47,6.6,111,538.2,0.079,0.1,101.4,load factor,0.0539,0.3,0,0.0,164,true,0.10,8,8,0,0,3,1.017e-12,8,0,off_r6_zone_slalom_r6_slalom_gates_r2.log,path_manager_20260811_152730.log
2,on,r7_encircled_goal,r7_goal_ring,8,8,REJECTED,N=2 shared handoff admits no arrival retry; single-shot fallback failed too,,1,956.0,,,,260.5,917x356x97,27.95,5.56,,,,,0.0,,,,,,,,,8,8,0,0,1,,8,0,on_r7_encircled_goal_r7_goal_ring_r2.log,path_manager_20260811_152754.log
2,off,r7_encircled_goal,r7_goal_ring,8,8,REJECTED,N=2 shared handoff admits no arrival retry; single-shot fallback failed too,,1,971.0,,,,267.0,917x356x97,27.95,5.56,,,,,0.0,,,,,,,,,8,8,0,0,1,,8,0,off_r7_encircled_goal_r7_goal_ring_r2.log,path_manager_20260811_152812.log
3,off,r1_coastal_terrain_following,r1_dynamic_surface_obstacles,2,5,REJECTED,"stitched flight is unflyable (hard-zone contact; ) — whole-flight evaluation, which no per-solve audit performs",,1,1010.0,,,,951.6,1969x489x120,32.05,6.19,,,,0.0,0.0,,0.0000,0.0,21,2.1,0,true,0.10,5,5,0,0,0,4.547e-13,2,0,off_r1_coastal_terrain_following_r1_dynamic_surface_obstacles_r3.log,path_manager_20260811_152831.log
3,on,r1_coastal_terrain_following,r1_dynamic_surface_obstacles,2,5,REJECTED,"stitched flight is unflyable (hard-zone contact; ) — whole-flight evaluation, which no per-solve audit performs",,1,1020.0,,,,963.5,1969x489x120,32.05,6.19,,,,0.0,0.0,,0.0000,0.0,21,2.1,0,true,0.10,5,5,0,0,0,4.547e-13,2,0,on_r1_coastal_terrain_following_r1_dynamic_surface_obstacles_r3.log,path_manager_20260811_152850.log
3,off,r2_high_altitude_probe,,0,0,CLEAN,,chain,,489.0,490.0,310.0,177.0,295.3,537x950x98,32.25,10.14,98,482.7,0.579,0.0,94.3,maximum thrust,0.0000,0.0,0,0.0,0,true,0.10,0,,,,0,9.095e-13,0,0,off_r2_high_altitude_probe_nozone_r3.log,path_manager_20260811_152910.log
3,on,r2_high_altitude_probe,,0,0,CLEAN,,chain,,469.0,470.0,314.0,153.0,299.2,537x950x98,32.25,10.14,98,482.7,0.579,0.0,94.3,maximum thrust,0.0000,0.0,0,0.0,0,true,0.10,0,,,,0,9.095e-13,0,0,on_r2_high_altitude_probe_nozone_r3.log,path_manager_20260811_152922.log
3,off,r2_ridge_crossing,r2_ridge_gauntlet,6,6,CLEAN,,direct,1,29250.0,,,,1111.6,726x1139x124,34.28,10.28,,,0.29,0.0,99.2,bank angle,0.0000,0.0,0,0.0,0,true,0.10,6,6,0,0,2,,6,0,off_r2_ridge_crossing_r2_ridge_gauntlet_r3.log,path_manager_20260811_152934.log
3,on,r2_ridge_crossing,r2_ridge_gauntlet,6,6,CLEAN,,direct,1,26568.0,,,,1110.5,726x1139x124,34.28,10.28,,,0.29,0.0,99.2,bank angle,0.0000,0.0,0,0.0,0,true,0.10,6,6,0,0,2,,6,0,on_r2_ridge_crossing_r2_ridge_gauntlet_r3.log,path_manager_20260811_153021.log
3,off,r3_mountain_terrain_following,r3_dense_corridor,9,10,CLEAN,,chain,1,6016.0,6016.0,626.0,5387.0,593.5,356x718x134,36.89,8.0,159,326.8,0.29,0.4,101.9,bank angle,0.0000,0.0,0,0.0,0,true,0.10,10,10,0,0,1,9.095e-13,9,0,off_r3_mountain_terrain_following_r3_dense_corridor_r3.log,path_manager_20260811_153107.log
3,on,r3_mountain_terrain_following,r3_dense_corridor,9,10,CLEAN,,chain,1,5964.0,5965.0,633.0,5329.0,601.2,356x718x134,36.89,8.0,159,326.9,0.285,0.4,101.9,bank angle,0.0000,0.0,0,0.0,0,true,0.10,10,10,0,0,1,9.095e-13,9,0,on_r3_mountain_terrain_following_r3_dense_corridor_r3.log,path_manager_20260811_153132.log
3,off,r3_mountain_terrain_following,r3_dense_overlap,7,7,REJECTED,segment 3/3 failed (merge retries exhausted); single-shot fallback failed too,,1,2006.0,,,,679.2,467x763x125,34.29,7.1,,,,,5492.0,,,,,,,,,7,7,0,0,3,,7,0,off_r3_mountain_terrain_following_r3_dense_overlap_r3.log,path_manager_20260811_153155.log
3,on,r3_mountain_terrain_following,r3_dense_overlap,7,7,REJECTED,segment 3/3 failed (merge retries exhausted); single-shot fallback failed too,,1,2005.0,,,,670.2,467x763x125,34.29,7.1,,,,,5492.0,,,,,,,,,7,7,0,0,3,,7,0,on_r3_mountain_terrain_following_r3_dense_overlap_r3.log,path_manager_20260811_153214.log
3,off,r3_mountain_terrain_following,r3_goal_in_zone,1,1,CLEAN,,chain,1,10106.0,10106.0,325.0,9779.0,307.6,279x763x125,34.29,7.75,141,322.3,0.083,0.8,104.6,bank angle,0.8140,3.9,0,0.0,52,true,0.10,1,1,0,0,0,1.017e-12,1,0,off_r3_mountain_terrain_following_r3_goal_in_zone_r3.log,path_manager_20260811_153233.log
3,on,r3_mountain_terrain_following,r3_goal_in_zone,1,1,CLEAN,,chain,1,3884.0,3885.0,320.0,3562.0,304.2,279x763x125,34.29,7.5,134,322.4,0.079,0.8,104.7,bank angle,0.8139,3.9,0,0.0,51,true,0.10,1,1,0,0,0,4.547e-13,1,0,on_r3_mountain_terrain_following_r3_goal_in_zone_r3.log,path_manager_20260811_153301.log
3,off,r3_mountain_terrain_following,r3_mixed_terrain_zones,5,7,CLEAN,,chain,2,9766.0,9766.0,1487.0,8277.0,1458.9,317x740x126,34.67,6.62,162,320.3,0.179,1.6,102.6,bank angle,0.0010,0.0,0,0.0,25,true,0.10,7,7,0,0,1,6.431e-13,5,0,off_r3_mountain_terrain_following_r3_mixed_terrain_zones_r3.log,path_manager_20260811_153322.log
3,on,r3_mountain_terrain_following,r3_mixed_terrain_zones,5,7,CLEAN,,chain,2,10254.0,10254.0,1473.0,8255.0,1445.2,317x740x126,34.67,6.62,162,320.6,0.179,1.6,102.6,bank angle,0.0010,0.0,0,0.0,23,true,0.10,7,7,0,0,3,4.441e-16,5,0,on_r3_mountain_terrain_following_r3_mixed_terrain_zones_r3.log,path_manager_20260811_153350.log
3,off,r3_mountain_terrain_following,r3_multiple_zones,3,4,CLEAN,,chain,1,978.0,978.0,472.0,505.0,457.3,423x696x132,36.34,8.58,122,238.6,0.29,0.0,97.4,bank angle,0.0000,0.0,0,0.0,0,true,0.10,4,4,0,0,1,1.017e-12,3,0,off_r3_mountain_terrain_following_r3_multiple_zones_r3.log,path_manager_20260811_153419.log
3,on,r3_mountain_terrain_following,r3_multiple_zones,3,4,CLEAN,,chain,1,885.0,885.0,467.0,417.0,451.4,423x696x132,36.34,8.64,113,238.3,0.336,0.0,98.3,maximum thrust,0.0000,0.0,0,0.0,0,true,0.10,4,4,0,0,1,2.484e-16,3,0,on_r3_mountain_terrain_following_r3_multiple_zones_r3.log,path_manager_20260811_153438.log
3,off,r3_mountain_terrain_following,r3_nested_zones,4,4,CLEAN,,chain,1,1299.0,1299.0,802.0,495.0,771.5,463x940x111,30.14,7.68,95,289.3,0.352,0.0,97.8,lift coefficient,0.0000,0.0,0,0.0,0,true,0.10,4,4,0,0,1,4.547e-13,4,0,off_r3_mountain_terrain_following_r3_nested_zones_r3.log,path_manager_20260811_153456.log
3,on,r3_mountain_terrain_following,r3_nested_zones,4,4,CLEAN,,chain,1,1788.0,1789.0,792.0,994.0,761.5,463x940x111,30.14,7.68,95,288.2,0.343,0.0,99.7,bank angle,0.0000,0.0,0,0.0,0,true,0.10,4,4,0,0,1,1.017e-12,4,0,on_r3_mountain_terrain_following_r3_nested_zones_r3.log,path_manager_20260811_153514.log
3,off,r3_mountain_terrain_following,r3_single_large_zone,1,1,REJECTED,segment 3/3 failed (merge retries exhausted); single-shot fallback failed too,,1,1476.0,,,,484.7,508x896x117,32.03,3.79,,,,,0.0,,,,,,,,,1,1,0,0,3,,1,0,off_r3_mountain_terrain_following_r3_single_large_zone_r3.log,path_manager_20260811_153533.log
3,on,r3_mountain_terrain_following,r3_single_large_zone,1,1,REJECTED,segment 2/3 failed (merge retries exhausted); single-shot fallback failed too,,1,1494.0,,,,487.9,508x896x117,32.03,3.79,,,,,0.0,,,,,,,,,1,1,0,0,5,,1,0,on_r3_mountain_terrain_following_r3_single_large_zone_r3.log,path_manager_20260811_153552.log
3,off,r4_long_range_traverse,r4_traverse_chain,10,10,CLEAN,,chain,1,3515.0,3516.0,2175.0,1323.0,2098.6,2377x458x128,35.25,8.71,467,1904.4,0.364,0.0,100.3,maximum thrust,0.0000,0.0,0,0.0,0,true,0.10,10,10,0,0,0,9.095e-13,10,0,off_r4_long_range_traverse_r4_traverse_chain_r3.log,path_manager_20260811_153611.log
3,on,r4_long_range_traverse,r4_traverse_chain,10,10,CLEAN,,chain,1,3464.0,3464.0,2160.0,1287.0,2083.4,2377x458x128,35.25,8.71,467,1905.5,0.15,0.3,106.6,bank angle,0.0000,0.0,0,0.0,0,true,0.10,10,10,0,0,0,1.017e-12,10,0,on_r4_long_range_traverse_r4_traverse_chain_r3.log,path_manager_20260811_153632.log
3,off,r5_extended_corridor,r5_corridor_wall,8,8,CLEAN,,chain,2,7281.0,7281.0,2893.0,4380.0,2829.9,350x1960x111,29.9,6.26,329,1142.9,0.399,0.0,96.6,maximum thrust,0.0000,0.0,0,0.0,3,true,0.10,8,8,0,0,0,1.286e-12,8,0,off_r5_extended_corridor_r5_corridor_wall_r3.log,path_manager_20260811_153653.log
3,on,r5_extended_corridor,r5_corridor_wall,8,8,CLEAN,,chain,2,7224.0,7225.0,2831.0,4385.0,2768.3,350x1960x111,29.9,6.26,329,1143.0,0.284,0.0,96.8,maximum thrust,0.0000,0.0,0,0.0,3,true,0.10,8,8,0,0,0,9.095e-13,8,0,on_r5_extended_corridor_r5_corridor_wall_r3.log,path_manager_20260811_153719.log
3,off,r5_transition_success_probe,r5_corridor_wall,8,8,REJECTED,no candidate survived propagation gates (see audit counters),,2,2861.0,,,,2777.0,350x1960x111,29.9,6.26,,,,,,,,,,,,,,8,8,0,0,0,,8,0,off_r5_transition_success_probe_r5_corridor_wall_r3.log,path_manager_20260811_153745.log
3,on,r5_transition_success_probe,r5_corridor_wall,8,8,REJECTED,no candidate survived propagation gates (see audit counters),,2,2873.0,,,,2788.3,350x1960x111,29.9,6.26,,,,,,,,,,,,,,8,8,0,0,0,,8,0,on_r5_transition_success_probe_r5_corridor_wall_r3.log,path_manager_20260811_153807.log
3,off,r5_transition_reject_probe,r5_corridor_wall,8,8,REJECTED,commanded start acceleration is not flyable by the model (inverse commands do not reproduce it inside the envelope),,2,2837.0,,,,2774.6,350x1960x111,29.9,6.26,,,,,,,,,,,,,,8,8,0,0,0,,8,0,off_r5_transition_reject_probe_r5_corridor_wall_r3.log,path_manager_20260811_153829.log
3,on,r5_transition_reject_probe,r5_corridor_wall,8,8,REJECTED,commanded start acceleration is not flyable by the model (inverse commands do not reproduce it inside the envelope),,2,2839.0,,,,2776.4,350x1960x111,29.9,6.26,,,,,,,,,,,,,,8,8,0,0,0,,8,0,on_r5_transition_reject_probe_r5_corridor_wall_r3.log,path_manager_20260811_153851.log
3,off,r6_zone_slalom,r6_slalom_gates,8,8,CLEAN,,chain,2,5768.0,5769.0,3049.0,2829.0,2998.2,621x1176x128,35.47,6.6,111,538.2,0.079,0.1,101.4,load factor,0.0539,0.3,0,0.0,164,true,0.10,8,8,0,0,3,1.017e-12,8,0,off_r6_zone_slalom_r6_slalom_gates_r3.log,path_manager_20260811_153912.log
3,on,r6_zone_slalom,r6_slalom_gates,8,8,CLEAN,,chain,2,5778.0,5779.0,3077.0,2810.0,3026.6,621x1176x128,35.47,6.6,111,538.2,0.079,0.1,101.4,load factor,0.0539,0.3,0,0.0,164,true,0.10,8,8,0,0,3,1.017e-12,8,0,on_r6_zone_slalom_r6_slalom_gates_r3.log,path_manager_20260811_153936.log
3,off,r7_encircled_goal,r7_goal_ring,8,8,REJECTED,N=2 shared handoff admits no arrival retry; single-shot fallback failed too,,1,955.0,,,,264.5,917x356x97,27.95,5.56,,,,,0.0,,,,,,,,,8,8,0,0,1,,8,0,off_r7_encircled_goal_r7_goal_ring_r3.log,path_manager_20260811_153959.log
3,on,r7_encircled_goal,r7_goal_ring,8,8,REJECTED,N=2 shared handoff admits no arrival retry; single-shot fallback failed too,,1,956.0,,,,260.0,917x356x97,27.95,5.56,,,,,0.0,,,,,,,,,8,8,0,0,1,,8,0,on_r7_encircled_goal_r7_goal_ring_r3.log,path_manager_20260811_154018.log
4,on,r1_coastal_terrain_following,r1_dynamic_surface_obstacles,2,5,REJECTED,"stitched flight is unflyable (hard-zone contact; ) — whole-flight evaluation, which no per-solve audit performs",,1,1009.0,,,,951.2,1969x489x120,32.05,6.19,,,,0.0,0.0,,0.0000,0.0,21,2.1,0,true,0.10,5,5,0,0,0,3.140e-16,2,0,on_r1_coastal_terrain_following_r1_dynamic_surface_obstacles_r4.log,path_manager_20260811_154036.log
4,off,r1_coastal_terrain_following,r1_dynamic_surface_obstacles,2,5,REJECTED,"stitched flight is unflyable (hard-zone contact; ) — whole-flight evaluation, which no per-solve audit performs",,1,1016.0,,,,960.7,1969x489x120,32.05,6.17,,,,0.0,0.0,,0.0000,0.0,20,2.0,0,true,0.10,5,5,0,0,0,4.547e-13,2,0,off_r1_coastal_terrain_following_r1_dynamic_surface_obstacles_r4.log,path_manager_20260811_154056.log
4,on,r2_high_altitude_probe,,0,0,CLEAN,,chain,,494.0,495.0,315.0,177.0,300.4,537x950x98,32.25,10.14,98,482.7,0.579,0.0,94.3,maximum thrust,0.0000,0.0,0,0.0,0,true,0.10,0,,,,0,9.095e-13,0,0,on_r2_high_altitude_probe_nozone_r4.log,path_manager_20260811_154115.log
4,off,r2_high_altitude_probe,,0,0,CLEAN,,chain,,481.0,481.0,316.0,164.0,300.7,537x950x98,32.25,10.14,98,482.7,0.579,0.0,94.3,maximum thrust,0.0000,0.0,0,0.0,0,true,0.10,0,,,,0,9.095e-13,0,0,off_r2_high_altitude_probe_nozone_r4.log,path_manager_20260811_154127.log
4,on,r2_ridge_crossing,r2_ridge_gauntlet,6,6,CLEAN,,direct,1,26156.0,,,,1099.5,726x1139x124,34.28,10.28,,,0.29,0.0,99.2,bank angle,0.0000,0.0,0,0.0,0,true,0.10,6,6,0,0,2,,6,0,on_r2_ridge_crossing_r2_ridge_gauntlet_r4.log,path_manager_20260811_154139.log
4,off,r2_ridge_crossing,r2_ridge_gauntlet,6,6,CLEAN,,direct,1,29310.0,,,,1113.7,726x1139x124,34.28,10.28,,,0.29,0.0,99.2,bank angle,0.0000,0.0,0,0.0,0,true,0.10,6,6,0,0,2,,6,0,off_r2_ridge_crossing_r2_ridge_gauntlet_r4.log,path_manager_20260811_154224.log
4,on,r3_mountain_terrain_following,r3_dense_corridor,9,10,CLEAN,,chain,1,6017.0,6017.0,639.0,5376.0,606.6,356x718x134,36.89,8.0,159,326.9,0.285,0.4,101.9,bank angle,0.0000,0.0,0,0.0,0,true,0.10,10,10,0,0,1,9.095e-13,9,0,on_r3_mountain_terrain_following_r3_dense_corridor_r4.log,path_manager_20260811_154312.log
4,off,r3_mountain_terrain_following,r3_dense_corridor,9,10,CLEAN,,chain,1,5962.0,5963.0,638.0,5322.0,605.9,356x718x134,36.89,8.0,159,326.8,0.29,0.4,101.9,bank angle,0.0000,0.0,0,0.0,0,true,0.10,10,10,0,0,1,9.095e-13,9,0,off_r3_mountain_terrain_following_r3_dense_corridor_r4.log,path_manager_20260811_154336.log
4,on,r3_mountain_terrain_following,r3_dense_overlap,7,7,REJECTED,segment 3/3 failed (merge retries exhausted); single-shot fallback failed too,,1,2028.0,,,,679.8,467x763x125,34.29,7.1,,,,,5492.0,,,,,,,,,7,7,0,0,3,,7,0,on_r3_mountain_terrain_following_r3_dense_overlap_r4.log,path_manager_20260811_154359.log
4,off,r3_mountain_terrain_following,r3_dense_overlap,7,7,REJECTED,segment 3/3 failed (merge retries exhausted); single-shot fallback failed too,,1,1992.0,,,,670.3,467x763x125,34.29,7.1,,,,,5492.0,,,,,,,,,7,7,0,0,3,,7,0,off_r3_mountain_terrain_following_r3_dense_overlap_r4.log,path_manager_20260811_154418.log
4,on,r3_mountain_terrain_following,r3_goal_in_zone,1,1,CLEAN,,chain,1,10479.0,10480.0,324.0,10153.0,307.1,279x763x125,34.29,7.75,141,322.3,0.083,0.8,104.6,bank angle,0.8140,3.9,0,0.0,52,true,0.10,1,1,0,0,0,1.017e-12,1,0,on_r3_mountain_terrain_following_r3_goal_in_zone_r4.log,path_manager_20260811_154437.log
4,off,r3_mountain_terrain_following,r3_goal_in_zone,1,1,CLEAN,,chain,1,10226.0,10226.0,335.0,9889.0,317.8,279x763x125,34.29,7.75,141,322.3,0.083,0.8,104.6,bank angle,0.8140,3.9,0,0.0,52,true,0.10,1,1,0,0,0,1.017e-12,1,0,off_r3_mountain_terrain_following_r3_goal_in_zone_r4.log,path_manager_20260811_154505.log
4,on,r3_mountain_terrain_following,r3_mixed_terrain_zones,5,7,CLEAN,,chain,2,10195.0,10196.0,1484.0,8197.0,1455.7,317x740x126,34.67,6.62,162,320.6,0.179,1.6,102.6,bank angle,0.0010,0.0,0,0.0,23,true,0.10,7,7,0,0,3,4.441e-16,5,0,on_r3_mountain_terrain_following_r3_mixed_terrain_zones_r4.log,path_manager_20260811_154532.log
4,off,r3_mountain_terrain_following,r3_mixed_terrain_zones,5,7,CLEAN,,chain,2,9749.0,9750.0,1473.0,8275.0,1444.3,317x740x126,34.67,6.62,162,320.3,0.179,1.6,102.6,bank angle,0.0010,0.0,0,0.0,25,true,0.10,7,7,0,0,1,6.431e-13,5,0,off_r3_mountain_terrain_following_r3_mixed_terrain_zones_r4.log,path_manager_20260811_154559.log
4,on,r3_mountain_terrain_following,r3_multiple_zones,3,4,CLEAN,,chain,1,1041.0,1041.0,466.0,574.0,450.6,423x696x132,36.34,8.64,116,239.6,0.362,0.1,100.7,maximum thrust,0.0000,0.0,0,0.0,0,true,0.10,4,4,0,0,1,4.547e-13,3,0,on_r3_mountain_terrain_following_r3_multiple_zones_r4.log,path_manager_20260811_154627.log
4,off,r3_mountain_terrain_following,r3_multiple_zones,3,4,CLEAN,,chain,1,1026.0,1026.0,464.0,561.0,448.7,423x696x132,36.34,8.61,101,237.7,0.347,0.0,96.7,maximum thrust,0.0000,0.0,0,0.0,0,true,0.10,4,4,0,0,1,1.017e-12,3,0,off_r3_mountain_terrain_following_r3_multiple_zones_r4.log,path_manager_20260811_154645.log
4,on,r3_mountain_terrain_following,r3_nested_zones,4,4,CLEAN,,chain,1,1781.0,1781.0,803.0,976.0,772.3,463x940x111,30.14,7.68,95,288.2,0.343,0.0,99.7,bank angle,0.0000,0.0,0,0.0,0,true,0.10,4,4,0,0,1,1.017e-12,4,0,on_r3_mountain_terrain_following_r3_nested_zones_r4.log,path_manager_20260811_154703.log
4,off,r3_mountain_terrain_following,r3_nested_zones,4,4,CLEAN,,chain,1,1316.0,1316.0,791.0,522.0,760.8,463x940x111,30.14,7.68,95,289.3,0.352,0.0,97.8,lift coefficient,0.0000,0.0,0,0.0,0,true,0.10,4,4,0,0,1,4.547e-13,4,0,off_r3_mountain_terrain_following_r3_nested_zones_r4.log,path_manager_20260811_154723.log
4,on,r3_mountain_terrain_following,r3_single_large_zone,1,1,REJECTED,segment 2/3 failed (merge retries exhausted); single-shot fallback failed too,,1,1514.0,,,,490.0,508x896x117,32.03,3.79,,,,,0.0,,,,,,,,,1,1,0,0,5,,1,0,on_r3_mountain_terrain_following_r3_single_large_zone_r4.log,path_manager_20260811_154741.log
4,off,r3_mountain_terrain_following,r3_single_large_zone,1,1,REJECTED,segment 3/3 failed (merge retries exhausted); single-shot fallback failed too,,1,1480.0,,,,491.9,508x896x117,32.03,3.79,,,,,0.0,,,,,,,,,1,1,0,0,3,,1,0,off_r3_mountain_terrain_following_r3_single_large_zone_r4.log,path_manager_20260811_154800.log
4,on,r4_long_range_traverse,r4_traverse_chain,10,10,CLEAN,,chain,1,3501.0,3501.0,2154.0,1330.0,2077.6,2377x458x128,35.25,8.71,467,1905.5,0.15,0.3,106.6,bank angle,0.0000,0.0,0,0.0,0,true,0.10,10,10,0,0,0,1.017e-12,10,0,on_r4_long_range_traverse_r4_traverse_chain_r4.log,path_manager_20260811_154819.log
4,off,r4_long_range_traverse,r4_traverse_chain,10,10,CLEAN,,chain,1,3464.0,3464.0,2160.0,1288.0,2082.5,2377x458x128,35.25,8.71,467,1904.4,0.364,0.0,100.3,maximum thrust,0.0000,0.0,0,0.0,0,true,0.10,10,10,0,0,0,9.095e-13,10,0,off_r4_long_range_traverse_r4_traverse_chain_r4.log,path_manager_20260811_154840.log
4,on,r5_extended_corridor,r5_corridor_wall,8,8,CLEAN,,chain,2,7298.0,7298.0,2850.0,4440.0,2786.4,350x1960x111,29.9,6.26,329,1143.0,0.284,0.0,96.8,maximum thrust,0.0000,0.0,0,0.0,3,true,0.10,8,8,0,0,0,9.095e-13,8,0,on_r5_extended_corridor_r5_corridor_wall_r4.log,path_manager_20260811_154901.log
4,off,r5_extended_corridor,r5_corridor_wall,8,8,CLEAN,,chain,2,7214.0,7215.0,2834.0,4373.0,2769.7,350x1960x111,29.9,6.26,329,1142.9,0.399,0.0,96.6,maximum thrust,0.0000,0.0,0,0.0,3,true,0.10,8,8,0,0,0,1.286e-12,8,0,off_r5_extended_corridor_r5_corridor_wall_r4.log,path_manager_20260811_154927.log
4,on,r5_transition_success_probe,r5_corridor_wall,8,8,REJECTED,no candidate survived propagation gates (see audit counters),,2,2849.0,,,,2764.3,350x1960x111,29.9,6.26,,,,,,,,,,,,,,8,8,0,0,0,,8,0,on_r5_transition_success_probe_r5_corridor_wall_r4.log,path_manager_20260811_154953.log
4,off,r5_transition_success_probe,r5_corridor_wall,8,8,REJECTED,no candidate survived propagation gates (see audit counters),,2,2864.0,,,,2778.9,350x1960x111,29.9,6.26,,,,,,,,,,,,,,8,8,0,0,0,,8,0,off_r5_transition_success_probe_r5_corridor_wall_r4.log,path_manager_20260811_155014.log
4,on,r5_transition_reject_probe,r5_corridor_wall,8,8,REJECTED,commanded start acceleration is not flyable by the model (inverse commands do not reproduce it inside the envelope),,2,2851.0,,,,2788.2,350x1960x111,29.9,6.26,,,,,,,,,,,,,,8,8,0,0,0,,8,0,on_r5_transition_reject_probe_r5_corridor_wall_r4.log,path_manager_20260811_155036.log
4,off,r5_transition_reject_probe,r5_corridor_wall,8,8,REJECTED,commanded start acceleration is not flyable by the model (inverse commands do not reproduce it inside the envelope),,2,2843.0,,,,2780.3,350x1960x111,29.9,6.26,,,,,,,,,,,,,,8,8,0,0,0,,8,0,off_r5_transition_reject_probe_r5_corridor_wall_r4.log,path_manager_20260811_155058.log
4,on,r6_zone_slalom,r6_slalom_gates,8,8,CLEAN,,chain,2,5776.0,5776.0,3073.0,2811.0,3023.1,621x1176x128,35.47,6.6,111,538.2,0.079,0.1,101.4,load factor,0.0539,0.3,0,0.0,164,true,0.10,8,8,0,0,3,1.017e-12,8,0,on_r6_zone_slalom_r6_slalom_gates_r4.log,path_manager_20260811_155119.log
4,off,r6_zone_slalom,r6_slalom_gates,8,8,CLEAN,,chain,2,5731.0,5731.0,3050.0,2789.0,2999.8,621x1176x128,35.47,6.6,111,538.2,0.079,0.1,101.4,load factor,0.0539,0.3,0,0.0,164,true,0.10,8,8,0,0,3,1.017e-12,8,0,off_r6_zone_slalom_r6_slalom_gates_r4.log,path_manager_20260811_155143.log
4,on,r7_encircled_goal,r7_goal_ring,8,8,REJECTED,N=2 shared handoff admits no arrival retry; single-shot fallback failed too,,1,973.0,,,,268.3,917x356x97,27.95,5.56,,,,,0.0,,,,,,,,,8,8,0,0,1,,8,0,on_r7_encircled_goal_r7_goal_ring_r4.log,path_manager_20260811_155206.log
4,off,r7_encircled_goal,r7_goal_ring,8,8,REJECTED,N=2 shared handoff admits no arrival retry; single-shot fallback failed too,,1,974.0,,,,273.4,917x356x97,27.95,5.56,,,,,0.0,,,,,,,,,8,8,0,0,1,,8,0,off_r7_encircled_goal_r7_goal_ring_r4.log,path_manager_20260811_155225.log
5,off,r1_coastal_terrain_following,r1_dynamic_surface_obstacles,2,5,REJECTED,"stitched flight is unflyable (hard-zone contact; ) — whole-flight evaluation, which no per-solve audit performs",,1,1013.0,,,,956.2,1969x489x120,32.05,6.19,,,,0.0,0.0,,0.0000,0.0,21,2.1,0,true,0.10,5,5,0,0,0,3.140e-16,2,0,off_r1_coastal_terrain_following_r1_dynamic_surface_obstacles_r5.log,path_manager_20260811_155243.log
5,on,r1_coastal_terrain_following,r1_dynamic_surface_obstacles,2,5,REJECTED,"stitched flight is unflyable (hard-zone contact; ) — whole-flight evaluation, which no per-solve audit performs",,1,1016.0,,,,954.6,1969x489x120,32.05,6.19,,,,0.0,0.0,,0.0000,0.0,21,2.1,0,true,0.10,5,5,0,0,0,4.547e-13,2,0,on_r1_coastal_terrain_following_r1_dynamic_surface_obstacles_r5.log,path_manager_20260811_155302.log
5,off,r2_high_altitude_probe,,0,0,CLEAN,,chain,,509.0,509.0,311.0,196.0,296.2,537x950x98,32.25,10.14,98,482.7,0.579,0.0,94.3,maximum thrust,0.0000,0.0,0,0.0,0,true,0.10,0,,,,0,9.095e-13,0,0,off_r2_high_altitude_probe_nozone_r5.log,path_manager_20260811_155322.log
5,on,r2_high_altitude_probe,,0,0,CLEAN,,chain,,510.0,511.0,310.0,198.0,295.3,537x950x98,32.25,10.14,98,482.7,0.579,0.0,94.3,maximum thrust,0.0000,0.0,0,0.0,0,true,0.10,0,,,,0,9.095e-13,0,0,on_r2_high_altitude_probe_nozone_r5.log,path_manager_20260811_155334.log
5,off,r2_ridge_crossing,r2_ridge_gauntlet,6,6,CLEAN,,direct,1,28088.0,,,,1104.5,726x1139x124,34.28,10.28,,,0.29,0.0,99.2,bank angle,0.0000,0.0,0,0.0,0,true,0.10,6,6,0,0,2,,6,0,off_r2_ridge_crossing_r2_ridge_gauntlet_r5.log,path_manager_20260811_155346.log
5,on,r2_ridge_crossing,r2_ridge_gauntlet,6,6,CLEAN,,direct,1,25602.0,,,,1135.2,726x1139x124,34.28,10.28,,,0.29,0.0,99.2,bank angle,0.0000,0.0,0,0.0,0,true,0.10,6,6,0,0,2,,6,0,on_r2_ridge_crossing_r2_ridge_gauntlet_r5.log,path_manager_20260811_155432.log
5,off,r3_mountain_terrain_following,r3_dense_corridor,9,10,CLEAN,,chain,1,6086.0,6087.0,655.0,5429.0,622.9,356x718x134,36.89,8.0,159,326.8,0.29,0.4,101.9,bank angle,0.0000,0.0,0,0.0,0,true,0.10,10,10,0,0,1,9.095e-13,9,0,off_r3_mountain_terrain_following_r3_dense_corridor_r5.log,path_manager_20260811_155516.log
5,on,r3_mountain_terrain_following,r3_dense_corridor,9,10,CLEAN,,chain,1,5916.0,5916.0,647.0,5267.0,614.4,356x718x134,36.89,8.0,159,326.9,0.285,0.4,101.9,bank angle,0.0000,0.0,0,0.0,0,true,0.10,10,10,0,0,1,9.095e-13,9,0,on_r3_mountain_terrain_following_r3_dense_corridor_r5.log,path_manager_20260811_155539.log
5,off,r3_mountain_terrain_following,r3_dense_overlap,7,7,REJECTED,segment 3/3 failed (merge retries exhausted); single-shot fallback failed too,,1,1998.0,,,,679.6,467x763x125,34.29,7.1,,,,,5492.0,,,,,,,,,7,7,0,0,3,,7,0,off_r3_mountain_terrain_following_r3_dense_overlap_r5.log,path_manager_20260811_155603.log
5,on,r3_mountain_terrain_following,r3_dense_overlap,7,7,REJECTED,segment 3/3 failed (merge retries exhausted); single-shot fallback failed too,,1,1999.0,,,,679.3,467x763x125,34.29,7.1,,,,,5492.0,,,,,,,,,7,7,0,0,3,,7,0,on_r3_mountain_terrain_following_r3_dense_overlap_r5.log,path_manager_20260811_155622.log
5,off,r3_mountain_terrain_following,r3_goal_in_zone,1,1,CLEAN,,chain,1,10782.0,10783.0,331.0,10450.0,313.7,279x763x125,34.29,7.75,141,322.3,0.083,0.8,104.6,bank angle,0.8140,3.9,0,0.0,52,true,0.10,1,1,0,0,0,1.017e-12,1,0,off_r3_mountain_terrain_following_r3_goal_in_zone_r5.log,path_manager_20260811_155642.log
5,on,r3_mountain_terrain_following,r3_goal_in_zone,1,1,CLEAN,,chain,1,3906.0,3907.0,316.0,3588.0,300.7,279x763x125,34.29,7.5,134,322.4,0.079,0.8,104.7,bank angle,0.8139,3.9,0,0.0,51,true,0.10,1,1,0,0,0,4.547e-13,1,0,on_r3_mountain_terrain_following_r3_goal_in_zone_r5.log,path_manager_20260811_155710.log
5,off,r3_mountain_terrain_following,r3_mixed_terrain_zones,5,7,CLEAN,,chain,2,9653.0,9653.0,1494.0,8157.0,1465.4,317x740x126,34.67,6.62,162,320.3,0.179,1.6,102.6,bank angle,0.0010,0.0,0,0.0,25,true,0.10,7,7,0,0,1,6.431e-13,5,0,off_r3_mountain_terrain_following_r3_mixed_terrain_zones_r5.log,path_manager_20260811_155732.log
5,on,r3_mountain_terrain_following,r3_mixed_terrain_zones,5,7,CLEAN,,chain,2,10190.0,10190.0,1508.0,8163.0,1479.7,317x740x126,34.67,6.62,162,320.6,0.179,1.6,102.6,bank angle,0.0010,0.0,0,0.0,23,true,0.10,7,7,0,0,3,4.441e-16,5,0,on_r3_mountain_terrain_following_r3_mixed_terrain_zones_r5.log,path_manager_20260811_155759.log
5,off,r3_mountain_terrain_following,r3_multiple_zones,3,4,CLEAN,,chain,1,938.0,938.0,467.0,469.0,452.5,423x696x132,36.34,8.61,101,237.7,0.347,0.0,96.7,maximum thrust,0.0000,0.0,0,0.0,0,true,0.10,4,4,0,0,1,1.017e-12,3,0,off_r3_mountain_terrain_following_r3_multiple_zones_r5.log,path_manager_20260811_155826.log
5,on,r3_mountain_terrain_following,r3_multiple_zones,3,4,CLEAN,,chain,1,1051.0,1052.0,469.0,581.0,454.6,423x696x132,36.34,8.58,122,238.6,0.29,0.0,97.4,bank angle,0.0000,0.0,0,0.0,0,true,0.10,4,4,0,0,1,1.017e-12,3,0,on_r3_mountain_terrain_following_r3_multiple_zones_r5.log,path_manager_20260811_155844.log
5,off,r3_mountain_terrain_following,r3_nested_zones,4,4,CLEAN,,chain,1,1295.0,1296.0,813.0,481.0,781.9,463x940x111,30.14,7.68,95,289.3,0.352,0.0,97.8,lift coefficient,0.0000,0.0,0,0.0,0,true,0.10,4,4,0,0,1,4.547e-13,4,0,off_r3_mountain_terrain_following_r3_nested_zones_r5.log,path_manager_20260811_155902.log
5,on,r3_mountain_terrain_following,r3_nested_zones,4,4,CLEAN,,chain,1,1879.0,1879.0,790.0,1087.0,759.3,463x940x111,30.14,7.68,95,288.2,0.343,0.0,99.7,bank angle,0.0000,0.0,0,0.0,0,true,0.10,4,4,0,0,1,1.017e-12,4,0,on_r3_mountain_terrain_following_r3_nested_zones_r5.log,path_manager_20260811_155921.log
5,off,r3_mountain_terrain_following,r3_single_large_zone,1,1,REJECTED,segment 3/3 failed (merge retries exhausted); single-shot fallback failed too,,1,1483.0,,,,494.3,508x896x117,32.03,3.79,,,,,0.0,,,,,,,,,1,1,0,0,3,,1,0,off_r3_mountain_terrain_following_r3_single_large_zone_r5.log,path_manager_20260811_155941.log
5,on,r3_mountain_terrain_following,r3_single_large_zone,1,1,REJECTED,segment 2/3 failed (merge retries exhausted); single-shot fallback failed too,,1,1509.0,,,,485.7,508x896x117,32.03,3.79,,,,,0.0,,,,,,,,,1,1,0,0,5,,1,0,on_r3_mountain_terrain_following_r3_single_large_zone_r5.log,path_manager_20260811_160000.log
5,off,r4_long_range_traverse,r4_traverse_chain,10,10,CLEAN,,chain,1,3505.0,3505.0,2166.0,1322.0,2089.0,2377x458x128,35.25,8.71,467,1904.4,0.364,0.0,100.3,maximum thrust,0.0000,0.0,0,0.0,0,true,0.10,10,10,0,0,0,9.095e-13,10,0,off_r4_long_range_traverse_r4_traverse_chain_r5.log,path_manager_20260811_160019.log
5,on,r4_long_range_traverse,r4_traverse_chain,10,10,CLEAN,,chain,1,3512.0,3512.0,2169.0,1326.0,2092.0,2377x458x128,35.25,8.71,467,1905.5,0.15,0.3,106.6,bank angle,0.0000,0.0,0,0.0,0,true,0.10,10,10,0,0,0,1.017e-12,10,0,on_r4_long_range_traverse_r4_traverse_chain_r5.log,path_manager_20260811_160040.log
5,off,r5_extended_corridor,r5_corridor_wall,8,8,CLEAN,,chain,2,7229.0,7229.0,2866.0,4355.0,2803.0,350x1960x111,29.9,6.26,329,1142.9,0.399,0.0,96.6,maximum thrust,0.0000,0.0,0,0.0,3,true,0.10,8,8,0,0,0,1.286e-12,8,0,off_r5_extended_corridor_r5_corridor_wall_r5.log,path_manager_20260811_160103.log
5,on,r5_extended_corridor,r5_corridor_wall,8,8,CLEAN,,chain,2,7252.0,7253.0,2880.0,4364.0,2817.0,350x1960x111,29.9,6.26,329,1143.0,0.284,0.0,96.8,maximum thrust,0.0000,0.0,0,0.0,3,true,0.10,8,8,0,0,0,9.095e-13,8,0,on_r5_extended_corridor_r5_corridor_wall_r5.log,path_manager_20260811_160128.log
5,off,r5_transition_success_probe,r5_corridor_wall,8,8,REJECTED,no candidate survived propagation gates (see audit counters),,2,2878.0,,,,2793.4,350x1960x111,29.9,6.26,,,,,,,,,,,,,,8,8,0,0,0,,8,0,off_r5_transition_success_probe_r5_corridor_wall_r5.log,path_manager_20260811_160154.log
5,on,r5_transition_success_probe,r5_corridor_wall,8,8,REJECTED,no candidate survived propagation gates (see audit counters),,2,2869.0,,,,2783.6,350x1960x111,29.9,6.26,,,,,,,,,,,,,,8,8,0,0,0,,8,0,on_r5_transition_success_probe_r5_corridor_wall_r5.log,path_manager_20260811_160216.log
5,off,r5_transition_reject_probe,r5_corridor_wall,8,8,REJECTED,commanded start acceleration is not flyable by the model (inverse commands do not reproduce it inside the envelope),,2,2847.0,,,,2784.7,350x1960x111,29.9,6.26,,,,,,,,,,,,,,8,8,0,0,0,,8,0,off_r5_transition_reject_probe_r5_corridor_wall_r5.log,path_manager_20260811_160237.log
5,on,r5_transition_reject_probe,r5_corridor_wall,8,8,REJECTED,commanded start acceleration is not flyable by the model (inverse commands do not reproduce it inside the envelope),,2,2806.0,,,,2743.1,350x1960x111,29.9,6.26,,,,,,,,,,,,,,8,8,0,0,0,,8,0,on_r5_transition_reject_probe_r5_corridor_wall_r5.log,path_manager_20260811_160259.log
5,off,r6_zone_slalom,r6_slalom_gates,8,8,CLEAN,,chain,2,5865.0,5866.0,3107.0,2867.0,3056.9,621x1176x128,35.47,6.6,111,538.2,0.079,0.1,101.4,load factor,0.0539,0.3,0,0.0,164,true,0.10,8,8,0,0,3,1.017e-12,8,0,off_r6_zone_slalom_r6_slalom_gates_r5.log,path_manager_20260811_160321.log
5,on,r6_zone_slalom,r6_slalom_gates,8,8,CLEAN,,chain,2,5807.0,5808.0,3081.0,2835.0,3030.5,621x1176x128,35.47,6.6,111,538.2,0.079,0.1,101.4,load factor,0.0539,0.3,0,0.0,164,true,0.10,8,8,0,0,3,1.017e-12,8,0,on_r6_zone_slalom_r6_slalom_gates_r5.log,path_manager_20260811_160344.log
5,off,r7_encircled_goal,r7_goal_ring,8,8,REJECTED,N=2 shared handoff admits no arrival retry; single-shot fallback failed too,,1,957.0,,,,264.0,917x356x97,27.95,5.56,,,,,0.0,,,,,,,,,8,8,0,0,1,,8,0,off_r7_encircled_goal_r7_goal_ring_r5.log,path_manager_20260811_160408.log
5,on,r7_encircled_goal,r7_goal_ring,8,8,REJECTED,N=2 shared handoff admits no arrival retry; single-shot fallback failed too,,1,967.0,,,,264.9,917x356x97,27.95,5.56,,,,,0.0,,,,,,,,,8,8,0,0,1,,8,0,on_r7_encircled_goal_r7_goal_ring_r5.log,path_manager_20260811_160427.log
