rep,arm,mission,scenario,zones_installed,obstacles_installed,outcome,reason,zone_pass,total_ms,frontend_ms,max_solve_ms,eikonal_ms,grid,ceiling_u,geo_z_max_u,pieces,flight_s,min_agl_u,env_viol_pct,env_peak_pct,env_peak_limit,hard_zone_contacts,retry_fallback,seam_worst,zones_in_search,leaked_procs,log
1,off,r1_coastal_terrain_following,r1_dynamic_surface_obstacles,2,5,CLEAN,,1,1027.0,989.0,35.0,968.3,1969x489x120,32.05,6.19,98,828.5,0.631,0.0,98.2,maximum thrust,,0,4.547e-13,2,0,path_manager_20260811_081737.log
1,on,r1_coastal_terrain_following,r1_dynamic_surface_obstacles,2,5,CLEAN,,1,1065.0,1022.0,40.0,1000.5,1969x489x120,32.05,6.2,101,828.1,0.726,0.0,92.6,maximum thrust,,0,6.431e-13,2,0,path_manager_20260811_081756.log
1,off,r2_high_altitude_probe,,0,0,CLEAN,,,513.0,317.0,194.0,301.9,537x950x98,32.25,10.14,98,482.7,0.579,0.0,94.3,maximum thrust,,0,9.095e-13,0,0,path_manager_20260811_081816.log
1,on,r2_high_altitude_probe,,0,0,CLEAN,,,528.0,330.0,196.0,315.1,537x950x98,32.25,10.14,98,482.7,0.579,0.0,94.3,maximum thrust,,0,9.095e-13,0,0,path_manager_20260811_081828.log
1,off,r2_ridge_crossing,r2_ridge_gauntlet,6,6,CLEAN,,1,,,,1138.8,726x1139x124,34.28,10.28,,,0.29,0.0,99.2,bank angle,,2,,6,0,path_manager_20260811_081839.log
1,on,r2_ridge_crossing,r2_ridge_gauntlet,6,6,CLEAN,,1,,,,1147.3,726x1139x124,34.28,10.28,,,0.29,0.0,99.2,bank angle,,2,,6,0,path_manager_20260811_081927.log
1,off,r3_mountain_terrain_following,r3_dense_corridor,9,10,CLEAN,,1,6166.0,642.0,5522.0,609.2,356x718x134,36.89,8.0,159,326.8,0.29,0.4,101.9,bank angle,,1,9.095e-13,9,0,path_manager_20260811_082012.log
1,on,r3_mountain_terrain_following,r3_dense_corridor,9,10,CLEAN,,1,5868.0,654.0,5211.0,622.2,356x718x134,36.89,8.0,159,326.9,0.285,0.4,101.9,bank angle,,1,9.095e-13,9,0,path_manager_20260811_082036.log
1,off,r3_mountain_terrain_following,r3_dense_overlap,7,7,REJECTED,segment 3/3 failed (merge retries exhausted); single-shot fallback failed too,1,,,,671.9,467x763x125,34.29,7.1,,,,,5492.0,,,3,,7,0,path_manager_20260811_082059.log
1,on,r3_mountain_terrain_following,r3_dense_overlap,7,7,REJECTED,segment 3/3 failed (merge retries exhausted); single-shot fallback failed too,1,,,,706.1,467x763x125,34.29,7.1,,,,,5492.0,,,3,,7,0,path_manager_20260811_082118.log
1,off,r3_mountain_terrain_following,r3_goal_in_zone,1,1,CLEAN,,1,10433.0,326.0,10105.0,308.4,279x763x125,34.29,7.75,141,322.3,0.083,0.8,104.6,bank angle,,0,1.017e-12,1,0,path_manager_20260811_082138.log
1,on,r3_mountain_terrain_following,r3_goal_in_zone,1,1,CLEAN,,1,10200.0,327.0,9871.0,309.4,279x763x125,34.29,7.75,141,322.3,0.083,0.8,104.6,bank angle,,0,1.017e-12,1,0,path_manager_20260811_082205.log
1,off,r3_mountain_terrain_following,r3_mixed_terrain_zones,5,7,CLEAN,,2,9844.0,1478.0,8364.0,1449.7,317x740x126,34.67,6.62,162,320.3,0.179,1.6,102.6,bank angle,,1,6.431e-13,5,0,path_manager_20260811_082235.log
1,on,r3_mountain_terrain_following,r3_mixed_terrain_zones,5,7,CLEAN,,2,10272.0,1515.0,8196.0,1486.3,317x740x126,34.67,6.62,162,320.6,0.179,1.6,102.6,bank angle,,3,4.441e-16,5,0,path_manager_20260811_082303.log
1,off,r3_mountain_terrain_following,r3_multiple_zones,3,4,CLEAN,,1,845.0,471.0,372.0,455.6,423x696x132,36.34,8.64,112,238.6,0.324,0.0,98.3,maximum thrust,,1,2.484e-16,3,0,path_manager_20260811_082331.log
1,on,r3_mountain_terrain_following,r3_multiple_zones,3,4,CLEAN,,1,984.0,467.0,515.0,451.8,423x696x132,36.34,8.58,122,238.6,0.29,0.0,97.4,bank angle,,1,1.017e-12,3,0,path_manager_20260811_082349.log
1,off,r3_mountain_terrain_following,r3_nested_zones,4,4,CLEAN,,1,1320.0,810.0,508.0,779.2,463x940x111,30.14,7.68,95,289.3,0.352,0.0,97.8,lift coefficient,,1,4.547e-13,4,0,path_manager_20260811_082408.log
1,on,r3_mountain_terrain_following,r3_nested_zones,4,4,CLEAN,,1,1788.0,806.0,981.0,774.6,463x940x111,30.14,7.68,95,288.2,0.343,0.0,99.7,bank angle,,1,1.017e-12,4,0,path_manager_20260811_082426.log
1,off,r3_mountain_terrain_following,r3_single_large_zone,1,1,REJECTED,segment 3/3 failed (merge retries exhausted); single-shot fallback failed too,1,,,,497.0,508x896x117,32.03,3.79,,,,,0.0,,,3,,1,0,path_manager_20260811_082446.log
1,on,r3_mountain_terrain_following,r3_single_large_zone,1,1,REJECTED,segment 2/3 failed (merge retries exhausted); single-shot fallback failed too,1,,,,495.6,508x896x117,32.03,3.79,,,,,0.0,,,5,,1,0,path_manager_20260811_082505.log
1,off,r4_long_range_traverse,r4_traverse_chain,10,10,CLEAN,,1,3567.0,2203.0,1348.0,2124.7,2377x458x128,35.25,8.71,467,1904.4,0.364,0.0,100.3,maximum thrust,,0,9.095e-13,10,0,path_manager_20260811_082524.log
1,on,r4_long_range_traverse,r4_traverse_chain,10,10,CLEAN,,1,3072.0,2070.0,985.0,2006.3,2377x458x128,35.25,8.71,467,1905.5,0.15,0.3,106.6,bank angle,,0,1.017e-12,10,0,path_manager_20260811_082545.log
1,off,r5_extended_corridor,r5_corridor_wall,8,8,CLEAN,,2,7291.0,2826.0,4457.0,2762.9,350x1960x111,29.9,6.26,329,1142.9,0.399,0.0,96.6,maximum thrust,,0,1.286e-12,8,0,path_manager_20260811_082606.log
1,on,r5_extended_corridor,r5_corridor_wall,8,8,CLEAN,,2,7256.0,2876.0,4373.0,2812.2,350x1960x111,29.9,6.26,329,1143.0,0.284,0.0,96.8,maximum thrust,,0,9.095e-13,8,0,path_manager_20260811_082632.log
1,off,r5_transition_success_probe,r5_corridor_wall,8,8,REJECTED,no candidate survived propagation gates (see audit counters),2,,,,2802.4,350x1960x111,29.9,6.26,,,,,,,,0,,8,0,path_manager_20260811_082658.log
1,on,r5_transition_success_probe,r5_corridor_wall,8,8,REJECTED,no candidate survived propagation gates (see audit counters),2,,,,2782.4,350x1960x111,29.9,6.26,,,,,,,,0,,8,0,path_manager_20260811_082720.log
1,off,r5_transition_reject_probe,r5_corridor_wall,8,8,REJECTED,commanded start acceleration is not flyable by the model (inverse commands do not reproduce it inside the envelope),2,,,,2791.9,350x1960x111,29.9,6.26,,,,,,,,0,,8,0,path_manager_20260811_082741.log
1,on,r5_transition_reject_probe,r5_corridor_wall,8,8,REJECTED,commanded start acceleration is not flyable by the model (inverse commands do not reproduce it inside the envelope),2,,,,2779.0,350x1960x111,29.9,6.26,,,,,,,,0,,8,0,path_manager_20260811_082803.log
1,off,r6_zone_slalom,r6_slalom_gates,8,8,CLEAN,,2,5850.0,3088.0,2870.0,3037.6,621x1176x128,35.47,6.6,111,538.2,0.079,0.1,101.4,load factor,,3,1.017e-12,8,0,path_manager_20260811_082824.log
1,on,r6_zone_slalom,r6_slalom_gates,8,8,CLEAN,,2,5807.0,3102.0,2810.0,3051.7,621x1176x128,35.47,6.6,111,538.2,0.079,0.1,101.4,load factor,,3,1.017e-12,8,0,path_manager_20260811_082848.log
1,off,r7_encircled_goal,r7_goal_ring,8,8,REJECTED,N=2 shared handoff admits no arrival retry; single-shot fallback failed too,1,,,,261.8,917x356x97,27.95,5.56,,,,,0.0,,,1,,8,0,path_manager_20260811_082912.log
1,on,r7_encircled_goal,r7_goal_ring,8,8,REJECTED,N=2 shared handoff admits no arrival retry; single-shot fallback failed too,1,,,,259.0,917x356x97,27.95,5.56,,,,,0.0,,,1,,8,0,path_manager_20260811_082930.log
2,off,r1_coastal_terrain_following,r1_dynamic_surface_obstacles,2,5,CLEAN,,1,1040.0,1001.0,35.0,980.7,1969x489x120,32.05,6.19,98,828.5,0.631,0.0,98.2,maximum thrust,,0,4.547e-13,2,0,path_manager_20260811_082949.log
2,on,r1_coastal_terrain_following,r1_dynamic_surface_obstacles,2,5,CLEAN,,1,1033.0,995.0,35.0,974.5,1969x489x120,32.05,6.19,98,828.5,0.631,0.0,98.1,maximum thrust,,0,3.140e-16,2,0,path_manager_20260811_083008.log
2,off,r2_high_altitude_probe,,0,0,CLEAN,,,488.0,334.0,152.0,318.8,537x950x98,32.25,10.14,98,482.7,0.579,0.0,94.3,maximum thrust,,0,9.095e-13,0,0,path_manager_20260811_083028.log
2,on,r2_high_altitude_probe,,0,0,CLEAN,,,527.0,330.0,196.0,314.4,537x950x98,32.25,10.14,98,482.7,0.579,0.0,94.3,maximum thrust,,0,9.095e-13,0,0,path_manager_20260811_083040.log
2,off,r2_ridge_crossing,r2_ridge_gauntlet,6,6,CLEAN,,1,,,,1141.0,726x1139x124,34.28,10.28,,,0.29,0.0,99.2,bank angle,,2,,6,0,path_manager_20260811_083051.log
2,on,r2_ridge_crossing,r2_ridge_gauntlet,6,6,CLEAN,,1,,,,1133.0,726x1139x124,34.28,10.28,,,0.29,0.0,99.2,bank angle,,2,,6,0,path_manager_20260811_083140.log
2,off,r3_mountain_terrain_following,r3_dense_corridor,9,10,CLEAN,,1,5923.0,641.0,5279.0,608.3,356x718x134,36.89,8.0,159,326.8,0.29,0.4,101.9,bank angle,,1,9.095e-13,9,0,path_manager_20260811_083224.log
2,on,r3_mountain_terrain_following,r3_dense_corridor,9,10,CLEAN,,1,5897.0,649.0,5245.0,616.2,356x718x134,36.89,8.0,159,326.9,0.285,0.4,101.9,bank angle,,1,9.095e-13,9,0,path_manager_20260811_083247.log
2,off,r3_mountain_terrain_following,r3_dense_overlap,7,7,REJECTED,segment 3/3 failed (merge retries exhausted); single-shot fallback failed too,1,,,,682.4,467x763x125,34.29,7.1,,,,,5492.0,,,3,,7,0,path_manager_20260811_083310.log
2,on,r3_mountain_terrain_following,r3_dense_overlap,7,7,REJECTED,segment 3/3 failed (merge retries exhausted); single-shot fallback failed too,1,,,,665.5,467x763x125,34.29,7.1,,,,,5492.0,,,3,,7,0,path_manager_20260811_083330.log
2,off,r3_mountain_terrain_following,r3_goal_in_zone,1,1,CLEAN,,1,3884.0,321.0,3561.0,305.1,279x763x125,34.29,7.5,134,322.4,0.079,0.8,104.7,bank angle,,0,4.547e-13,1,0,path_manager_20260811_083349.log
2,on,r3_mountain_terrain_following,r3_goal_in_zone,1,1,CLEAN,,1,3909.0,319.0,3587.0,304.0,279x763x125,34.29,7.5,134,322.4,0.079,0.8,104.7,bank angle,,0,4.547e-13,1,0,path_manager_20260811_083410.log
2,off,r3_mountain_terrain_following,r3_mixed_terrain_zones,5,7,CLEAN,,2,9880.0,1501.0,8376.0,1472.2,317x740x126,34.67,6.62,162,320.3,0.179,1.6,102.6,bank angle,,1,6.431e-13,5,0,path_manager_20260811_083431.log
2,on,r3_mountain_terrain_following,r3_mixed_terrain_zones,5,7,CLEAN,,2,10265.0,1502.0,8246.0,1473.6,317x740x126,34.67,6.62,162,320.6,0.179,1.6,102.6,bank angle,,3,4.441e-16,5,0,path_manager_20260811_083458.log
2,off,r3_mountain_terrain_following,r3_multiple_zones,3,4,CLEAN,,1,1017.0,467.0,549.0,453.8,423x696x132,36.34,8.35,129,236.7,0.332,0.0,96.0,bank angle,,1,4.547e-13,3,0,path_manager_20260811_083526.log
2,on,r3_mountain_terrain_following,r3_multiple_zones,3,4,CLEAN,,1,960.0,471.0,487.0,455.4,423x696x132,36.34,8.64,116,239.6,0.362,0.1,100.7,maximum thrust,,1,4.547e-13,3,0,path_manager_20260811_083544.log
2,off,r3_mountain_terrain_following,r3_nested_zones,4,4,CLEAN,,1,1306.0,810.0,494.0,779.1,463x940x111,30.14,7.68,95,289.3,0.352,0.0,97.8,lift coefficient,,1,4.547e-13,4,0,path_manager_20260811_083603.log
2,on,r3_mountain_terrain_following,r3_nested_zones,4,4,CLEAN,,1,1769.0,818.0,949.0,786.9,463x940x111,30.14,7.68,95,288.2,0.343,0.0,99.7,bank angle,,1,1.017e-12,4,0,path_manager_20260811_083621.log
2,off,r3_mountain_terrain_following,r3_single_large_zone,1,1,REJECTED,segment 3/3 failed (merge retries exhausted); single-shot fallback failed too,1,,,,491.2,508x896x117,32.03,3.79,,,,,0.0,,,3,,1,0,path_manager_20260811_083641.log
2,on,r3_mountain_terrain_following,r3_single_large_zone,1,1,REJECTED,segment 2/3 failed (merge retries exhausted); single-shot fallback failed too,1,,,,485.7,508x896x117,32.03,3.79,,,,,0.0,,,5,,1,0,path_manager_20260811_083700.log
2,off,r4_long_range_traverse,r4_traverse_chain,10,10,CLEAN,,1,3513.0,2171.0,1325.0,2093.2,2377x458x128,35.25,8.71,467,1904.4,0.364,0.0,100.3,maximum thrust,,0,9.095e-13,10,0,path_manager_20260811_083719.log
2,on,r4_long_range_traverse,r4_traverse_chain,10,10,CLEAN,,1,3550.0,2192.0,1341.0,2113.9,2377x458x128,35.25,8.71,467,1905.5,0.15,0.3,106.6,bank angle,,0,1.017e-12,10,0,path_manager_20260811_083740.log
2,off,r5_extended_corridor,r5_corridor_wall,8,8,CLEAN,,2,7297.0,2878.0,4411.0,2814.0,350x1960x111,29.9,6.26,329,1142.9,0.399,0.0,96.6,maximum thrust,,0,1.286e-12,8,0,path_manager_20260811_083801.log
2,on,r5_extended_corridor,r5_corridor_wall,8,8,CLEAN,,2,7333.0,2856.0,4469.0,2792.7,350x1960x111,29.9,6.26,329,1143.0,0.284,0.0,96.8,maximum thrust,,0,9.095e-13,8,0,path_manager_20260811_083827.log
2,off,r5_transition_success_probe,r5_corridor_wall,8,8,REJECTED,no candidate survived propagation gates (see audit counters),2,,,,2816.9,350x1960x111,29.9,6.26,,,,,,,,0,,8,0,path_manager_20260811_083853.log
2,on,r5_transition_success_probe,r5_corridor_wall,8,8,REJECTED,no candidate survived propagation gates (see audit counters),2,,,,2804.5,350x1960x111,29.9,6.26,,,,,,,,0,,8,0,path_manager_20260811_083915.log
2,off,r5_transition_reject_probe,r5_corridor_wall,8,8,REJECTED,commanded start acceleration is not flyable by the model (inverse commands do not reproduce it inside the envelope),2,,,,2791.8,350x1960x111,29.9,6.26,,,,,,,,0,,8,0,path_manager_20260811_083937.log
2,on,r5_transition_reject_probe,r5_corridor_wall,8,8,REJECTED,commanded start acceleration is not flyable by the model (inverse commands do not reproduce it inside the envelope),2,,,,2807.7,350x1960x111,29.9,6.26,,,,,,,,0,,8,0,path_manager_20260811_083958.log
2,off,r6_zone_slalom,r6_slalom_gates,8,8,CLEAN,,2,5906.0,3107.0,2906.0,3056.3,621x1176x128,35.47,6.6,111,538.2,0.079,0.1,101.4,load factor,,3,1.017e-12,8,0,path_manager_20260811_084020.log
2,on,r6_zone_slalom,r6_slalom_gates,8,8,CLEAN,,2,4896.0,2925.0,2025.0,2878.3,621x1176x128,35.47,6.6,111,538.2,0.079,0.1,101.4,load factor,,3,1.017e-12,8,0,path_manager_20260811_084043.log
2,off,r7_encircled_goal,r7_goal_ring,8,8,REJECTED,N=2 shared handoff admits no arrival retry; single-shot fallback failed too,1,,,,271.3,917x356x97,27.95,5.56,,,,,0.0,,,1,,8,0,path_manager_20260811_084106.log
2,on,r7_encircled_goal,r7_goal_ring,8,8,REJECTED,N=2 shared handoff admits no arrival retry; single-shot fallback failed too,1,,,,261.5,917x356x97,27.95,5.56,,,,,0.0,,,1,,8,0,path_manager_20260811_084124.log
3,off,r1_coastal_terrain_following,r1_dynamic_surface_obstacles,2,5,CLEAN,,1,1044.0,1005.0,35.0,984.9,1969x489x120,32.05,6.19,98,828.5,0.631,0.0,98.2,maximum thrust,,0,4.547e-13,2,0,path_manager_20260811_084143.log
3,on,r1_coastal_terrain_following,r1_dynamic_surface_obstacles,2,5,CLEAN,,1,1056.0,1023.0,29.0,1002.0,1969x489x120,32.05,6.2,102,827.9,0.76,0.0,92.6,maximum thrust,,0,4.547e-13,2,0,path_manager_20260811_084202.log
3,off,r2_high_altitude_probe,,0,0,CLEAN,,,537.0,333.0,202.0,317.8,537x950x98,32.25,10.14,98,482.7,0.579,0.0,94.3,maximum thrust,,0,9.095e-13,0,0,path_manager_20260811_084222.log
3,on,r2_high_altitude_probe,,0,0,CLEAN,,,531.0,327.0,202.0,311.9,537x950x98,32.25,10.14,98,482.7,0.579,0.0,94.3,maximum thrust,,0,9.095e-13,0,0,path_manager_20260811_084234.log
3,off,r2_ridge_crossing,r2_ridge_gauntlet,6,6,CLEAN,,1,,,,1129.0,726x1139x124,34.28,10.28,,,0.29,0.0,99.2,bank angle,,2,,6,0,path_manager_20260811_084246.log
3,on,r2_ridge_crossing,r2_ridge_gauntlet,6,6,CLEAN,,1,,,,1133.8,726x1139x124,34.28,10.28,,,0.29,0.0,99.2,bank angle,,2,,6,0,path_manager_20260811_084333.log
3,off,r3_mountain_terrain_following,r3_dense_corridor,9,10,CLEAN,,1,6017.0,651.0,5364.0,618.6,356x718x134,36.89,8.0,159,326.8,0.29,0.4,101.9,bank angle,,1,9.095e-13,9,0,path_manager_20260811_084419.log
3,on,r3_mountain_terrain_following,r3_dense_corridor,9,10,CLEAN,,1,5876.0,647.0,5226.0,614.4,356x718x134,36.89,8.0,159,326.9,0.285,0.4,101.9,bank angle,,1,9.095e-13,9,0,path_manager_20260811_084442.log
3,off,r3_mountain_terrain_following,r3_dense_overlap,7,7,REJECTED,segment 3/3 failed (merge retries exhausted); single-shot fallback failed too,1,,,,676.2,467x763x125,34.29,7.1,,,,,5492.0,,,3,,7,0,path_manager_20260811_084506.log
3,on,r3_mountain_terrain_following,r3_dense_overlap,7,7,REJECTED,segment 3/3 failed (merge retries exhausted); single-shot fallback failed too,1,,,,680.3,467x763x125,34.29,7.1,,,,,5492.0,,,3,,7,0,path_manager_20260811_084525.log
3,off,r3_mountain_terrain_following,r3_goal_in_zone,1,1,CLEAN,,1,10196.0,330.0,9864.0,313.0,279x763x125,34.29,7.75,141,322.3,0.083,0.8,104.6,bank angle,,0,1.017e-12,1,0,path_manager_20260811_084545.log
3,on,r3_mountain_terrain_following,r3_goal_in_zone,1,1,CLEAN,,1,3916.0,316.0,3597.0,301.1,279x763x125,34.29,7.5,134,322.4,0.079,0.8,104.7,bank angle,,0,4.547e-13,1,0,path_manager_20260811_084612.log
3,off,r3_mountain_terrain_following,r3_mixed_terrain_zones,5,7,CLEAN,,2,10070.0,1484.0,8583.0,1455.9,317x740x126,34.67,6.62,162,320.3,0.179,1.6,102.6,bank angle,,1,6.431e-13,5,0,path_manager_20260811_084633.log
3,on,r3_mountain_terrain_following,r3_mixed_terrain_zones,5,7,CLEAN,,2,10196.0,1507.0,8171.0,1478.4,317x740x126,34.67,6.62,162,320.6,0.179,1.6,102.6,bank angle,,3,4.441e-16,5,0,path_manager_20260811_084701.log
3,off,r3_mountain_terrain_following,r3_multiple_zones,3,4,CLEAN,,1,886.0,470.0,414.0,452.7,423x696x132,36.34,8.61,101,237.7,0.347,0.0,96.7,maximum thrust,,1,1.017e-12,3,0,path_manager_20260811_084728.log
3,on,r3_mountain_terrain_following,r3_multiple_zones,3,4,CLEAN,,1,933.0,481.0,451.0,466.2,423x696x132,36.34,8.61,101,237.7,0.347,0.0,96.7,maximum thrust,,1,1.017e-12,3,0,path_manager_20260811_084747.log
3,off,r3_mountain_terrain_following,r3_nested_zones,4,4,CLEAN,,1,1309.0,814.0,493.0,783.5,463x940x111,30.14,7.68,95,289.3,0.352,0.0,97.8,lift coefficient,,1,4.547e-13,4,0,path_manager_20260811_084805.log
3,on,r3_mountain_terrain_following,r3_nested_zones,4,4,CLEAN,,1,1831.0,811.0,1018.0,780.5,463x940x111,30.14,7.68,95,288.2,0.343,0.0,99.7,bank angle,,1,1.017e-12,4,0,path_manager_20260811_084826.log
3,off,r3_mountain_terrain_following,r3_single_large_zone,1,1,REJECTED,segment 3/3 failed (merge retries exhausted); single-shot fallback failed too,1,,,,485.5,508x896x117,32.03,3.79,,,,,0.0,,,3,,1,0,path_manager_20260811_084845.log
3,on,r3_mountain_terrain_following,r3_single_large_zone,1,1,REJECTED,segment 2/3 failed (merge retries exhausted); single-shot fallback failed too,1,,,,497.2,508x896x117,32.03,3.79,,,,,0.0,,,5,,1,0,path_manager_20260811_084904.log
3,off,r4_long_range_traverse,r4_traverse_chain,10,10,CLEAN,,1,3522.0,2188.0,1317.0,2110.7,2377x458x128,35.25,8.71,467,1904.4,0.364,0.0,100.3,maximum thrust,,0,9.095e-13,10,0,path_manager_20260811_084923.log
3,on,r4_long_range_traverse,r4_traverse_chain,10,10,CLEAN,,1,3514.0,2174.0,1324.0,2095.8,2377x458x128,35.25,8.71,467,1905.5,0.15,0.3,106.6,bank angle,,0,1.017e-12,10,0,path_manager_20260811_084944.log
3,off,r5_extended_corridor,r5_corridor_wall,8,8,CLEAN,,2,7291.0,2867.0,4417.0,2803.6,350x1960x111,29.9,6.26,329,1142.9,0.399,0.0,96.6,maximum thrust,,0,1.286e-12,8,0,path_manager_20260811_085005.log
3,on,r5_extended_corridor,r5_corridor_wall,8,8,CLEAN,,2,7298.0,2860.0,4430.0,2796.5,350x1960x111,29.9,6.26,329,1143.0,0.284,0.0,96.8,maximum thrust,,0,9.095e-13,8,0,path_manager_20260811_085031.log
3,off,r5_transition_success_probe,r5_corridor_wall,8,8,REJECTED,no candidate survived propagation gates (see audit counters),2,,,,2806.6,350x1960x111,29.9,6.26,,,,,,,,0,,8,0,path_manager_20260811_085057.log
3,on,r5_transition_success_probe,r5_corridor_wall,8,8,REJECTED,no candidate survived propagation gates (see audit counters),2,,,,2802.3,350x1960x111,29.9,6.26,,,,,,,,0,,8,0,path_manager_20260811_085119.log
3,off,r5_transition_reject_probe,r5_corridor_wall,8,8,REJECTED,commanded start acceleration is not flyable by the model (inverse commands do not reproduce it inside the envelope),2,,,,2806.5,350x1960x111,29.9,6.26,,,,,,,,0,,8,0,path_manager_20260811_085140.log
3,on,r5_transition_reject_probe,r5_corridor_wall,8,8,REJECTED,commanded start acceleration is not flyable by the model (inverse commands do not reproduce it inside the envelope),2,,,,2805.2,350x1960x111,29.9,6.26,,,,,,,,0,,8,0,path_manager_20260811_085202.log
3,off,r6_zone_slalom,r6_slalom_gates,8,8,CLEAN,,2,5881.0,3137.0,2847.0,3085.8,621x1176x128,35.47,6.6,111,538.2,0.079,0.1,101.4,load factor,,3,1.017e-12,8,0,path_manager_20260811_085224.log
3,on,r6_zone_slalom,r6_slalom_gates,8,8,CLEAN,,2,5881.0,3096.0,2894.0,3044.8,621x1176x128,35.47,6.6,111,538.2,0.079,0.1,101.4,load factor,,3,1.017e-12,8,0,path_manager_20260811_085247.log
3,off,r7_encircled_goal,r7_goal_ring,8,8,REJECTED,N=2 shared handoff admits no arrival retry; single-shot fallback failed too,1,,,,261.7,917x356x97,27.95,5.56,,,,,0.0,,,1,,8,0,path_manager_20260811_085311.log
3,on,r7_encircled_goal,r7_goal_ring,8,8,REJECTED,N=2 shared handoff admits no arrival retry; single-shot fallback failed too,1,,,,271.5,917x356x97,27.95,5.56,,,,,0.0,,,1,,8,0,path_manager_20260811_085329.log
4,off,r1_coastal_terrain_following,r1_dynamic_surface_obstacles,2,5,CLEAN,,1,1036.0,998.0,35.0,978.1,1969x489x120,32.05,6.19,100,828.3,0.668,0.0,95.9,maximum thrust,,0,4.547e-13,2,0,path_manager_20260811_085347.log
4,on,r1_coastal_terrain_following,r1_dynamic_surface_obstacles,2,5,CLEAN,,1,1042.0,1001.0,38.0,981.2,1969x489x120,32.05,6.19,97,827.8,0.597,0.0,93.5,maximum thrust,,0,4.547e-13,2,0,path_manager_20260811_085407.log
4,off,r2_high_altitude_probe,,0,0,CLEAN,,,536.0,339.0,195.0,323.7,537x950x98,32.25,10.14,98,482.7,0.579,0.0,94.3,maximum thrust,,0,9.095e-13,0,0,path_manager_20260811_085426.log
4,on,r2_high_altitude_probe,,0,0,CLEAN,,,526.0,323.0,201.0,308.0,537x950x98,32.25,10.14,98,482.7,0.579,0.0,94.3,maximum thrust,,0,9.095e-13,0,0,path_manager_20260811_085438.log
4,off,r2_ridge_crossing,r2_ridge_gauntlet,6,6,CLEAN,,1,,,,1123.0,726x1139x124,34.28,10.28,,,0.29,0.0,99.2,bank angle,,2,,6,0,path_manager_20260811_085450.log
4,on,r2_ridge_crossing,r2_ridge_gauntlet,6,6,CLEAN,,1,,,,1104.7,726x1139x124,34.28,10.28,,,0.29,0.0,99.2,bank angle,,2,,6,0,path_manager_20260811_085538.log
4,off,r3_mountain_terrain_following,r3_dense_corridor,9,10,CLEAN,,1,5982.0,643.0,5337.0,610.1,356x718x134,36.89,8.0,159,326.8,0.29,0.4,101.9,bank angle,,1,9.095e-13,9,0,path_manager_20260811_085624.log
4,on,r3_mountain_terrain_following,r3_dense_corridor,9,10,CLEAN,,1,6023.0,653.0,5367.0,620.8,356x718x134,36.89,8.0,159,326.9,0.285,0.4,101.9,bank angle,,1,9.095e-13,9,0,path_manager_20260811_085647.log
4,off,r3_mountain_terrain_following,r3_dense_overlap,7,7,REJECTED,segment 3/3 failed (merge retries exhausted); single-shot fallback failed too,1,,,,683.5,467x763x125,34.29,7.1,,,,,5492.0,,,3,,7,0,path_manager_20260811_085710.log
4,on,r3_mountain_terrain_following,r3_dense_overlap,7,7,REJECTED,segment 3/3 failed (merge retries exhausted); single-shot fallback failed too,1,,,,690.0,467x763x125,34.29,7.1,,,,,5492.0,,,3,,7,0,path_manager_20260811_085730.log
4,off,r3_mountain_terrain_following,r3_goal_in_zone,1,1,CLEAN,,1,10236.0,323.0,9910.0,305.6,279x763x125,34.29,7.75,141,322.3,0.083,0.8,104.6,bank angle,,0,1.017e-12,1,0,path_manager_20260811_085749.log
4,on,r3_mountain_terrain_following,r3_goal_in_zone,1,1,CLEAN,,1,3988.0,321.0,3665.0,305.2,279x763x125,34.29,7.5,134,322.4,0.079,0.8,104.7,bank angle,,0,4.547e-13,1,0,path_manager_20260811_085817.log
4,off,r3_mountain_terrain_following,r3_mixed_terrain_zones,5,7,CLEAN,,2,9729.0,1493.0,8234.0,1464.0,317x740x126,34.67,6.62,162,320.3,0.179,1.6,102.6,bank angle,,1,6.431e-13,5,0,path_manager_20260811_085838.log
4,on,r3_mountain_terrain_following,r3_mixed_terrain_zones,5,7,CLEAN,,2,10454.0,1476.0,8460.0,1447.9,317x740x126,34.67,6.62,162,320.6,0.179,1.6,102.6,bank angle,,3,4.441e-16,5,0,path_manager_20260811_085905.log
4,off,r3_mountain_terrain_following,r3_multiple_zones,3,4,CLEAN,,1,831.0,470.0,359.0,454.7,423x696x132,36.34,8.64,112,238.6,0.324,0.0,98.3,maximum thrust,,1,2.484e-16,3,0,path_manager_20260811_085933.log
4,on,r3_mountain_terrain_following,r3_multiple_zones,3,4,CLEAN,,1,782.0,473.0,308.0,457.4,423x696x132,36.34,8.64,112,238.6,0.324,0.0,98.3,maximum thrust,,1,2.484e-16,3,0,path_manager_20260811_085951.log
4,off,r3_mountain_terrain_following,r3_nested_zones,4,4,CLEAN,,1,1336.0,820.0,514.0,789.3,463x940x111,30.14,7.68,95,289.3,0.352,0.0,97.8,lift coefficient,,1,4.547e-13,4,0,path_manager_20260811_090009.log
4,on,r3_mountain_terrain_following,r3_nested_zones,4,4,CLEAN,,1,1742.0,795.0,945.0,764.2,463x940x111,30.14,7.68,95,288.2,0.343,0.0,99.7,bank angle,,1,1.017e-12,4,0,path_manager_20260811_090028.log
4,off,r3_mountain_terrain_following,r3_single_large_zone,1,1,REJECTED,segment 3/3 failed (merge retries exhausted); single-shot fallback failed too,1,,,,493.0,508x896x117,32.03,3.79,,,,,0.0,,,3,,1,0,path_manager_20260811_090047.log
4,on,r3_mountain_terrain_following,r3_single_large_zone,1,1,REJECTED,segment 2/3 failed (merge retries exhausted); single-shot fallback failed too,1,,,,503.5,508x896x117,32.03,3.79,,,,,0.0,,,5,,1,0,path_manager_20260811_090105.log
4,off,r4_long_range_traverse,r4_traverse_chain,10,10,CLEAN,,1,3471.0,2178.0,1277.0,2099.6,2377x458x128,35.25,8.71,467,1904.4,0.364,0.0,100.3,maximum thrust,,0,9.095e-13,10,0,path_manager_20260811_090124.log
4,on,r4_long_range_traverse,r4_traverse_chain,10,10,CLEAN,,1,3568.0,2182.0,1369.0,2104.7,2377x458x128,35.25,8.71,467,1905.5,0.15,0.3,106.6,bank angle,,0,1.017e-12,10,0,path_manager_20260811_090145.log
4,off,r5_extended_corridor,r5_corridor_wall,8,8,CLEAN,,1,4289.0,933.0,1841.0,876.3,350x1960x111,29.9,6.27,296,1145.0,0.346,0.0,96.7,maximum thrust,,4,1.286e-12,8,0,path_manager_20260811_090206.log
4,on,r5_extended_corridor,r5_corridor_wall,8,8,CLEAN,,2,7312.0,2863.0,4441.0,2799.7,350x1960x111,29.9,6.26,329,1143.0,0.284,0.0,96.8,maximum thrust,,0,9.095e-13,8,0,path_manager_20260811_090229.log
4,off,r5_transition_success_probe,r5_corridor_wall,8,8,REJECTED,no candidate survived propagation gates (see audit counters),2,,,,2818.8,350x1960x111,29.9,6.26,,,,,,,,0,,8,0,path_manager_20260811_090255.log
4,on,r5_transition_success_probe,r5_corridor_wall,8,8,REJECTED,no candidate survived propagation gates (see audit counters),2,,,,2811.0,350x1960x111,29.9,6.26,,,,,,,,0,,8,0,path_manager_20260811_090317.log
4,off,r5_transition_reject_probe,r5_corridor_wall,8,8,REJECTED,commanded start acceleration is not flyable by the model (inverse commands do not reproduce it inside the envelope),2,,,,2814.6,350x1960x111,29.9,6.26,,,,,,,,0,,8,0,path_manager_20260811_090339.log
4,on,r5_transition_reject_probe,r5_corridor_wall,8,8,REJECTED,commanded start acceleration is not flyable by the model (inverse commands do not reproduce it inside the envelope),2,,,,2787.9,350x1960x111,29.9,6.26,,,,,,,,0,,8,0,path_manager_20260811_090400.log
4,off,r6_zone_slalom,r6_slalom_gates,8,8,CLEAN,,2,5902.0,3111.0,2899.0,3060.6,621x1176x128,35.47,6.6,111,538.2,0.079,0.1,101.4,load factor,,3,1.017e-12,8,0,path_manager_20260811_090422.log
4,on,r6_zone_slalom,r6_slalom_gates,8,8,CLEAN,,2,5837.0,3113.0,2834.0,3062.7,621x1176x128,35.47,6.6,111,538.2,0.079,0.1,101.4,load factor,,3,1.017e-12,8,0,path_manager_20260811_090446.log
4,off,r7_encircled_goal,r7_goal_ring,8,8,REJECTED,N=2 shared handoff admits no arrival retry; single-shot fallback failed too,1,,,,269.6,917x356x97,27.95,5.56,,,,,0.0,,,1,,8,0,path_manager_20260811_090509.log
4,on,r7_encircled_goal,r7_goal_ring,8,8,REJECTED,N=2 shared handoff admits no arrival retry; single-shot fallback failed too,1,,,,259.8,917x356x97,27.95,5.56,,,,,0.0,,,1,,8,0,path_manager_20260811_090528.log
5,off,r1_coastal_terrain_following,r1_dynamic_surface_obstacles,2,5,CLEAN,,1,1029.0,992.0,34.0,971.8,1969x489x120,32.05,6.19,98,828.6,0.632,0.0,95.8,maximum thrust,,0,2.221e-16,2,0,path_manager_20260811_090546.log
5,on,r1_coastal_terrain_following,r1_dynamic_surface_obstacles,2,5,CLEAN,,1,1062.0,1021.0,37.0,1000.7,1969x489x120,32.05,6.17,100,828.3,0.723,0.0,93.7,maximum thrust,,0,4.547e-13,2,0,path_manager_20260811_090605.log
5,off,r2_high_altitude_probe,,0,0,CLEAN,,,541.0,346.0,193.0,330.6,537x950x98,32.25,10.14,98,482.7,0.579,0.0,94.3,maximum thrust,,0,9.095e-13,0,0,path_manager_20260811_090625.log
5,on,r2_high_altitude_probe,,0,0,CLEAN,,,527.0,338.0,186.0,322.9,537x950x98,32.25,10.14,98,482.7,0.579,0.0,94.3,maximum thrust,,0,9.095e-13,0,0,path_manager_20260811_090637.log
5,off,r2_ridge_crossing,r2_ridge_gauntlet,6,6,CLEAN,,1,,,,1098.8,726x1139x124,34.28,10.28,,,0.29,0.0,99.2,bank angle,,2,,6,0,path_manager_20260811_090648.log
5,on,r2_ridge_crossing,r2_ridge_gauntlet,6,6,CLEAN,,1,,,,1115.5,726x1139x124,34.28,10.28,,,0.29,0.0,99.2,bank angle,,2,,6,0,path_manager_20260811_090737.log
5,off,r3_mountain_terrain_following,r3_dense_corridor,9,10,CLEAN,,1,5974.0,631.0,5340.0,598.8,356x718x134,36.89,8.0,159,326.8,0.29,0.4,101.9,bank angle,,1,9.095e-13,9,0,path_manager_20260811_090821.log
5,on,r3_mountain_terrain_following,r3_dense_corridor,9,10,CLEAN,,1,6015.0,648.0,5364.0,615.5,356x718x134,36.89,8.0,159,326.9,0.285,0.4,101.9,bank angle,,1,9.095e-13,9,0,path_manager_20260811_090845.log
5,off,r3_mountain_terrain_following,r3_dense_overlap,7,7,REJECTED,segment 3/3 failed (merge retries exhausted); single-shot fallback failed too,1,,,,679.3,467x763x125,34.29,7.1,,,,,5492.0,,,3,,7,0,path_manager_20260811_090908.log
5,on,r3_mountain_terrain_following,r3_dense_overlap,7,7,REJECTED,segment 3/3 failed (merge retries exhausted); single-shot fallback failed too,1,,,,679.9,467x763x125,34.29,7.1,,,,,5492.0,,,3,,7,0,path_manager_20260811_090927.log
5,off,r3_mountain_terrain_following,r3_goal_in_zone,1,1,CLEAN,,1,10097.0,328.0,9767.0,310.6,279x763x125,34.29,7.75,141,322.3,0.083,0.8,104.6,bank angle,,0,1.017e-12,1,0,path_manager_20260811_090946.log
5,on,r3_mountain_terrain_following,r3_goal_in_zone,1,1,CLEAN,,1,10163.0,328.0,9833.0,310.5,279x763x125,34.29,7.75,141,322.3,0.083,0.8,104.6,bank angle,,0,1.017e-12,1,0,path_manager_20260811_091014.log
5,off,r3_mountain_terrain_following,r3_mixed_terrain_zones,5,7,CLEAN,,2,9697.0,1496.0,8198.0,1467.5,317x740x126,34.67,6.62,162,320.3,0.179,1.6,102.6,bank angle,,1,6.431e-13,5,0,path_manager_20260811_091041.log
5,on,r3_mountain_terrain_following,r3_mixed_terrain_zones,5,7,CLEAN,,2,9080.0,1437.0,7285.0,1411.8,317x740x126,34.67,6.62,162,320.6,0.179,1.6,102.6,bank angle,,3,4.441e-16,5,0,path_manager_20260811_091108.log
5,off,r3_mountain_terrain_following,r3_multiple_zones,3,4,CLEAN,,1,1646.0,471.0,1174.0,455.5,423x696x132,36.34,8.64,119,236.7,0.349,0.0,98.3,maximum thrust,,1,2.484e-16,3,0,path_manager_20260811_091134.log
5,on,r3_mountain_terrain_following,r3_multiple_zones,3,4,CLEAN,,1,902.0,489.0,412.0,472.4,423x696x132,36.34,8.64,104,238.9,0.317,0.1,100.7,maximum thrust,,1,4.547e-13,3,0,path_manager_20260811_091153.log
5,off,r3_mountain_terrain_following,r3_nested_zones,4,4,CLEAN,,1,1280.0,792.0,486.0,761.4,463x940x111,30.14,7.68,95,289.3,0.352,0.0,97.8,lift coefficient,,1,4.547e-13,4,0,path_manager_20260811_091211.log
5,on,r3_mountain_terrain_following,r3_nested_zones,4,4,CLEAN,,1,1755.0,801.0,951.0,770.3,463x940x111,30.14,7.68,95,288.2,0.343,0.0,99.7,bank angle,,1,1.017e-12,4,0,path_manager_20260811_091230.log
5,off,r3_mountain_terrain_following,r3_single_large_zone,1,1,REJECTED,segment 3/3 failed (merge retries exhausted); single-shot fallback failed too,1,,,,488.9,508x896x117,32.03,3.79,,,,,0.0,,,3,,1,0,path_manager_20260811_091249.log
5,on,r3_mountain_terrain_following,r3_single_large_zone,1,1,REJECTED,segment 2/3 failed (merge retries exhausted); single-shot fallback failed too,1,,,,487.7,508x896x117,32.03,3.79,,,,,0.0,,,5,,1,0,path_manager_20260811_091308.log
5,off,r4_long_range_traverse,r4_traverse_chain,10,10,CLEAN,,1,3524.0,2190.0,1318.0,2112.0,2377x458x128,35.25,8.71,467,1904.4,0.364,0.0,100.3,maximum thrust,,0,9.095e-13,10,0,path_manager_20260811_091327.log
5,on,r4_long_range_traverse,r4_traverse_chain,10,10,CLEAN,,1,3534.0,2191.0,1327.0,2113.8,2377x458x128,35.25,8.71,467,1905.5,0.15,0.3,106.6,bank angle,,0,1.017e-12,10,0,path_manager_20260811_091348.log
5,off,r5_extended_corridor,r5_corridor_wall,8,8,CLEAN,,2,7342.0,2889.0,4446.0,2825.5,350x1960x111,29.9,6.26,329,1142.9,0.399,0.0,96.6,maximum thrust,,0,1.286e-12,8,0,path_manager_20260811_091409.log
5,on,r5_extended_corridor,r5_corridor_wall,8,8,CLEAN,,2,7236.0,2852.0,4376.0,2788.6,350x1960x111,29.9,6.26,329,1143.0,0.284,0.0,96.8,maximum thrust,,0,9.095e-13,8,0,path_manager_20260811_091436.log
5,off,r5_transition_success_probe,r5_corridor_wall,8,8,REJECTED,no candidate survived propagation gates (see audit counters),2,,,,2790.0,350x1960x111,29.9,6.26,,,,,,,,0,,8,0,path_manager_20260811_091502.log
5,on,r5_transition_success_probe,r5_corridor_wall,8,8,REJECTED,no candidate survived propagation gates (see audit counters),2,,,,2813.0,350x1960x111,29.9,6.26,,,,,,,,0,,8,0,path_manager_20260811_091523.log
5,off,r5_transition_reject_probe,r5_corridor_wall,8,8,REJECTED,commanded start acceleration is not flyable by the model (inverse commands do not reproduce it inside the envelope),2,,,,2805.1,350x1960x111,29.9,6.26,,,,,,,,0,,8,0,path_manager_20260811_091545.log
5,on,r5_transition_reject_probe,r5_corridor_wall,8,8,REJECTED,commanded start acceleration is not flyable by the model (inverse commands do not reproduce it inside the envelope),2,,,,2793.6,350x1960x111,29.9,6.26,,,,,,,,0,,8,0,path_manager_20260811_091606.log
5,off,r6_zone_slalom,r6_slalom_gates,8,8,CLEAN,,2,5873.0,3120.0,2858.0,3069.6,621x1176x128,35.47,6.6,111,538.2,0.079,0.1,101.4,load factor,,3,1.017e-12,8,0,path_manager_20260811_091628.log
5,on,r6_zone_slalom,r6_slalom_gates,8,8,CLEAN,,2,5873.0,3108.0,2874.0,3057.6,621x1176x128,35.47,6.6,111,538.2,0.079,0.1,101.4,load factor,,3,1.017e-12,8,0,path_manager_20260811_091652.log
5,off,r7_encircled_goal,r7_goal_ring,8,8,REJECTED,N=2 shared handoff admits no arrival retry; single-shot fallback failed too,1,,,,272.2,917x356x97,27.95,5.56,,,,,0.0,,,1,,8,0,path_manager_20260811_091715.log
5,on,r7_encircled_goal,r7_goal_ring,8,8,REJECTED,N=2 shared handoff admits no arrival retry; single-shot fallback failed too,1,,,,256.8,917x356x97,27.95,5.56,,,,,0.0,,,1,,8,0,path_manager_20260811_091734.log
