rep,arm,mission,scenario,zones_installed,obstacles_installed,outcome,reason,plan_mode,zone_pass,plan_total_ms,chain_total_ms,frontend_ms,max_solve_ms,eikonal_ms,grid,ceiling_u,geo_z_max_u,pieces,flight_s,min_agl_u,env_viol_pct,env_peak_pct,env_peak_limit,risk_max,risk_exposure_s,hard_zone_contacts,hard_zone_contact_s,soft_zone_contacts,zone_policy_measurable,zone_sample_dt,obstacles_expected,obstacles_added,obstacles_deferred,obstacles_skipped,retry_fallback,seam_worst,zones_in_search,leaked_procs,yaw_seed,standoff_zone_contacts,zone_clearance_qmin,plan_outcome,plan_reason,yaw_seed_mode,hard_zone_qmin,hard_zone_t0,hard_zone_t1,hard_zone_runs,log,log_src
1,off,r1_coastal_terrain_following,r1_dynamic_surface_obstacles,2,5,CLEAN,,chain,1,1038.0,1039.0,987.0,48.0,966.4,1969x489x120,32.05,6.17,100,827.8,0.719,0.0,93.6,maximum thrust,0.0000,0.0,0,0.0,0,true,0.10,5,5,0,0,0,4.547e-13,2,0,425182681,0,1.05045,,,FIXED,,,,,off_r1_coastal_terrain_following_r1_dynamic_surface_obstacles_r1.log,path_manager_20260812_074042.log
1,on,r1_coastal_terrain_following,r1_dynamic_surface_obstacles,2,5,CLEAN,,chain,1,1053.0,1053.0,1004.0,45.0,983.1,1969x489x120,32.05,6.17,100,827.8,0.719,0.0,93.6,maximum thrust,0.0000,0.0,0,0.0,0,true,0.10,5,5,0,0,0,4.547e-13,2,0,425182681,0,1.05045,,,FIXED,,,,,on_r1_coastal_terrain_following_r1_dynamic_surface_obstacles_r1.log,path_manager_20260812_074102.log
1,direct_off,r1_coastal_terrain_following,r1_dynamic_surface_obstacles,2,5,CLEAN,,direct,1,1858.0,,,,754.9,1969x489x120,32.05,6.17,,,0.711,0.0,98.8,load factor,0.0000,0.0,0,0.0,0,true,0.10,5,5,0,0,2,,2,0,425182681,0,1.05065,DEGRADED,auto-N below threshold (phase mode: direct),FIXED,,,,,direct_off_r1_coastal_terrain_following_r1_dynamic_surface_obstacles_r1.log,path_manager_20260812_074121.log
1,off,r2_high_altitude_probe,,0,0,CLEAN,,chain,,510.0,511.0,310.0,198.0,295.0,537x950x98,32.25,10.14,98,482.7,0.579,0.0,94.3,maximum thrust,0.0000,0.0,0,0.0,0,true,0.10,0,,,,0,9.095e-13,0,0,522859037,0,,,,FIXED,,,,,off_r2_high_altitude_probe_nozone_r1.log,path_manager_20260812_074142.log
1,on,r2_high_altitude_probe,,0,0,CLEAN,,chain,,520.0,520.0,319.0,199.0,304.0,537x950x98,32.25,10.14,98,482.7,0.579,0.0,94.3,maximum thrust,0.0000,0.0,0,0.0,0,true,0.10,0,,,,0,9.095e-13,0,0,522859037,0,,,,FIXED,,,,,on_r2_high_altitude_probe_nozone_r1.log,path_manager_20260812_074154.log
1,direct_off,r2_high_altitude_probe,,0,0,CLEAN,,direct,,645.0,,,,140.7,537x950x98,32.25,10.14,,,0.577,0.0,94.8,maximum thrust,0.0000,0.0,0,0.0,0,true,0.10,0,,,,2,,0,0,522859037,0,,DEGRADED,auto-N below threshold (phase mode: direct),FIXED,,,,,direct_off_r2_high_altitude_probe_nozone_r1.log,path_manager_20260812_074205.log
1,off,r2_ridge_crossing,r2_ridge_gauntlet,6,6,CLEAN,,direct,1,29173.0,,,,1124.9,726x1139x124,34.28,10.28,,,0.29,0.0,99.2,bank angle,0.0000,0.0,0,0.0,0,true,0.10,6,6,0,0,2,,6,0,1512036663,0,0.35307,DEGRADED,2 segments failed,FIXED,,,,,off_r2_ridge_crossing_r2_ridge_gauntlet_r1.log,path_manager_20260812_074217.log
1,on,r2_ridge_crossing,r2_ridge_gauntlet,6,6,CLEAN,,direct,1,26381.0,,,,1119.8,726x1139x124,34.28,10.28,,,0.29,0.0,99.2,bank angle,0.0000,0.0,0,0.0,0,true,0.10,6,6,0,0,2,,6,0,1512036663,0,0.35307,DEGRADED,2 segments failed,FIXED,,,,,on_r2_ridge_crossing_r2_ridge_gauntlet_r1.log,path_manager_20260812_074305.log
1,direct_off,r2_ridge_crossing,r2_ridge_gauntlet,6,6,CLEAN,,direct,1,22736.0,,,,1142.0,726x1139x124,34.28,10.28,,,0.29,0.0,99.2,bank angle,0.0000,0.0,0,0.0,0,true,0.10,6,6,0,0,2,,6,0,1512036663,0,0.35307,DEGRADED,auto-N below threshold (phase mode: direct),FIXED,,,,,direct_off_r2_ridge_crossing_r2_ridge_gauntlet_r1.log,path_manager_20260812_074350.log
1,off,r3_mountain_terrain_following,r3_dense_corridor,9,10,CLEAN,,chain,1,6238.0,6238.0,646.0,5589.0,613.1,356x718x134,36.89,8.0,159,326.8,0.29,0.4,101.9,bank angle,0.0000,0.0,0,0.0,0,true,0.10,10,10,0,0,1,9.095e-13,9,0,69144235,0,0.39104,DEGRADED,"phase handoffs not found (departure idx -1, arrival idx -1) — N kept, balanced j",FIXED,,,,,off_r3_mountain_terrain_following_r3_dense_corridor_r1.log,path_manager_20260812_074431.log
1,on,r3_mountain_terrain_following,r3_dense_corridor,9,10,CLEAN,,chain,1,5918.0,5918.0,671.0,5244.0,638.3,356x718x134,36.89,8.0,159,326.9,0.285,0.4,101.9,bank angle,0.0000,0.0,0,0.0,0,true,0.10,10,10,0,0,1,9.095e-13,9,0,69144235,0,0.39104,DEGRADED,"phase handoffs not found (departure idx -1, arrival idx -1) — N kept, balanced j",FIXED,,,,,on_r3_mountain_terrain_following_r3_dense_corridor_r1.log,path_manager_20260812_074454.log
1,direct_off,r3_mountain_terrain_following,r3_dense_corridor,9,10,CLEAN,,direct,1,9769.0,,,,482.3,356x718x134,36.89,8.0,,,0.333,0.0,97.1,maximum thrust,0.0000,0.0,0,0.0,0,true,0.10,10,10,0,0,2,,9,0,69144235,0,0.39027,DEGRADED,auto-N below threshold (phase mode: direct),FIXED,,,,,direct_off_r3_mountain_terrain_following_r3_dense_corridor_r1.log,path_manager_20260812_074517.log
1,off,r3_mountain_terrain_following,r3_dense_overlap,7,7,REJECTED,segment 3/3 failed (merge retries exhausted); single-shot fallback failed too,,1,2044.0,,,,689.4,467x763x125,34.29,7.1,,,,,5492.0,,,,,,,,,7,7,0,0,3,,7,0,69144235,,,FAILED,segment 3/3 failed (merge retries exhausted); single-shot fallback failed too,FIXED,,,,,off_r3_mountain_terrain_following_r3_dense_overlap_r1.log,path_manager_20260812_074544.log
1,on,r3_mountain_terrain_following,r3_dense_overlap,7,7,REJECTED,segment 3/3 failed (merge retries exhausted); single-shot fallback failed too,,1,1992.0,,,,678.6,467x763x125,34.29,7.1,,,,,5492.0,,,,,,,,,7,7,0,0,3,,7,0,69144235,,,FAILED,segment 3/3 failed (merge retries exhausted); single-shot fallback failed too,FIXED,,,,,on_r3_mountain_terrain_following_r3_dense_overlap_r1.log,path_manager_20260812_074603.log
1,direct_off,r3_mountain_terrain_following,r3_dense_overlap,7,7,REJECTED,auto-N below threshold (phase mode: direct); single-shot fallback failed too,,1,1693.0,,,,674.9,467x763x125,34.29,7.1,,,,,5492.0,,,,,,,,,7,7,0,0,1,,7,0,69144235,,,FAILED,auto-N below threshold (phase mode: direct); single-shot fallback failed too,FIXED,,,,,direct_off_r3_mountain_terrain_following_r3_dense_overlap_r1.log,path_manager_20260812_074623.log
1,off,r3_mountain_terrain_following,r3_goal_in_zone,1,1,CLEAN,,chain,1,4375.0,4376.0,334.0,4039.0,318.8,279x763x125,34.29,7.5,134,322.4,0.079,0.8,104.7,bank angle,0.8139,3.9,0,0.0,51,true,0.10,1,1,0,0,0,4.547e-13,1,0,69144235,0,,,,FIXED,,,,,off_r3_mountain_terrain_following_r3_goal_in_zone_r1.log,path_manager_20260812_074642.log
1,on,r3_mountain_terrain_following,r3_goal_in_zone,1,1,CLEAN,,chain,1,4195.0,4195.0,315.0,3878.0,299.5,279x763x125,34.29,7.5,134,322.4,0.079,0.8,104.7,bank angle,0.8139,3.9,0,0.0,51,true,0.10,1,1,0,0,0,4.547e-13,1,0,69144235,0,,,,FIXED,,,,,on_r3_mountain_terrain_following_r3_goal_in_zone_r1.log,path_manager_20260812_074704.log
1,direct_off,r3_mountain_terrain_following,r3_goal_in_zone,1,1,CLEAN,,direct,1,6291.0,,,,180.7,279x763x125,34.29,7.5,,,0.099,0.6,103.7,bank angle,0.8139,3.9,0,0.0,51,true,0.10,1,1,0,0,2,,1,0,69144235,0,,DEGRADED,auto-N below threshold (phase mode: direct),FIXED,,,,,direct_off_r3_mountain_terrain_following_r3_goal_in_zone_r1.log,path_manager_20260812_074725.log
1,off,r3_mountain_terrain_following,r3_mixed_terrain_zones,5,7,CLEAN,,chain,2,10933.0,10933.0,1542.0,9389.0,1512.9,317x740x126,34.67,6.62,162,320.3,0.179,1.6,102.6,bank angle,0.0010,0.0,0,0.0,25,true,0.10,7,7,0,0,1,6.431e-13,5,0,69144235,0,,DEGRADED,"phase handoffs not found (departure idx -1, arrival idx -1) — N kept, balanced j",FIXED,,,,,off_r3_mountain_terrain_following_r3_mixed_terrain_zones_r1.log,path_manager_20260812_074748.log
1,on,r3_mountain_terrain_following,r3_mixed_terrain_zones,5,7,CLEAN,,chain,2,14094.0,14095.0,1731.0,11746.0,1698.8,317x740x126,34.67,6.62,162,320.6,0.179,1.6,102.6,bank angle,0.0010,0.0,0,0.0,23,true,0.10,7,7,0,0,3,4.441e-16,5,0,69144235,0,,DEGRADED,"phase handoffs not found (departure idx -1, arrival idx -1) — N kept, balanced j",FIXED,,,,,on_r3_mountain_terrain_following_r3_mixed_terrain_zones_r1.log,path_manager_20260812_074817.log
1,direct_off,r3_mountain_terrain_following,r3_mixed_terrain_zones,5,7,CLEAN,,direct,2,14834.0,,,,1583.6,317x740x126,34.67,6.62,,,0.168,1.4,107.5,bank angle,0.0010,0.0,0,0.0,22,true,0.10,7,7,0,0,2,,5,0,69144235,0,,DEGRADED,auto-N below threshold (phase mode: direct),FIXED,,,,,direct_off_r3_mountain_terrain_following_r3_mixed_terrain_zones_r1.log,path_manager_20260812_074849.log
1,off,r3_mountain_terrain_following,r3_multiple_zones,3,4,CLEAN,,chain,1,1906.0,1906.0,548.0,1356.0,530.3,423x696x132,36.34,8.61,104,236.7,0.333,0.0,99.0,maximum thrust,0.0000,0.0,0,0.0,0,true,0.10,4,4,0,0,1,9.095e-13,3,0,69144235,0,0.61106,DEGRADED,"phase handoffs not found (departure idx -1, arrival idx -1) — N kept, balanced j",FIXED,,,,,off_r3_mountain_terrain_following_r3_multiple_zones_r1.log,path_manager_20260812_074922.log
1,on,r3_mountain_terrain_following,r3_multiple_zones,3,4,CLEAN,,chain,1,1931.0,1931.0,549.0,1379.0,531.7,423x696x132,36.34,8.61,104,236.7,0.333,0.0,99.0,maximum thrust,0.0000,0.0,0,0.0,0,true,0.10,4,4,0,0,1,9.095e-13,3,0,69144235,0,0.61106,DEGRADED,"phase handoffs not found (departure idx -1, arrival idx -1) — N kept, balanced j",FIXED,,,,,on_r3_mountain_terrain_following_r3_multiple_zones_r1.log,path_manager_20260812_074941.log
1,direct_off,r3_mountain_terrain_following,r3_multiple_zones,3,4,CLEAN,,direct,1,2847.0,,,,351.1,423x696x132,36.34,8.61,,,0.338,0.0,95.8,load factor,0.0000,0.0,0,0.0,0,true,0.10,4,4,0,0,2,,3,0,69144235,0,0.61468,DEGRADED,auto-N below threshold (phase mode: direct),FIXED,,,,,direct_off_r3_mountain_terrain_following_r3_multiple_zones_r1.log,path_manager_20260812_075001.log
1,off,r3_mountain_terrain_following,r3_nested_zones,4,4,CLEAN,,chain,1,1482.0,1483.0,889.0,591.0,856.2,463x940x111,30.14,7.68,95,289.3,0.352,0.0,97.8,lift coefficient,0.0000,0.0,0,0.0,0,true,0.10,4,4,0,0,1,4.547e-13,4,0,69144235,0,0.61645,DEGRADED,"phase handoffs not found (departure idx -1, arrival idx -1) — N kept, balanced j",FIXED,,,,,off_r3_mountain_terrain_following_r3_nested_zones_r1.log,path_manager_20260812_075021.log
1,on,r3_mountain_terrain_following,r3_nested_zones,4,4,CLEAN,,chain,1,2098.0,2099.0,833.0,1263.0,799.5,463x940x111,30.14,7.68,95,288.2,0.343,0.0,99.7,bank angle,0.0000,0.0,0,0.0,0,true,0.10,4,4,0,0,1,1.017e-12,4,0,69144235,0,0.61731,DEGRADED,"phase handoffs not found (departure idx -1, arrival idx -1) — N kept, balanced j",FIXED,,,,,on_r3_mountain_terrain_following_r3_nested_zones_r1.log,path_manager_20260812_075040.log
1,direct_off,r3_mountain_terrain_following,r3_nested_zones,4,4,CLEAN,,direct,1,4698.0,,,,691.5,463x940x111,30.14,7.68,,,0.341,0.0,94.9,maximum thrust,0.0000,0.0,0,0.0,0,true,0.10,4,4,0,0,2,,4,0,69144235,0,0.61426,DEGRADED,auto-N below threshold (phase mode: direct),FIXED,,,,,direct_off_r3_mountain_terrain_following_r3_nested_zones_r1.log,path_manager_20260812_075100.log
1,off,r3_mountain_terrain_following,r3_single_large_zone,1,1,REJECTED,segment 3/3 failed (merge retries exhausted); single-shot fallback failed too,,1,1599.0,,,,516.1,508x896x117,32.03,3.79,,,,,0.0,,,,,,,,,1,1,0,0,3,,1,0,69144235,,,FAILED,segment 3/3 failed (merge retries exhausted); single-shot fallback failed too,FIXED,,,,,off_r3_mountain_terrain_following_r3_single_large_zone_r1.log,path_manager_20260812_075122.log
1,on,r3_mountain_terrain_following,r3_single_large_zone,1,1,REJECTED,segment 2/3 failed (merge retries exhausted); single-shot fallback failed too,,1,1652.0,,,,541.7,508x896x117,32.03,3.79,,,,,0.0,,,,,,,,,1,1,0,0,5,,1,0,69144235,,,FAILED,segment 2/3 failed (merge retries exhausted); single-shot fallback failed too,FIXED,,,,,on_r3_mountain_terrain_following_r3_single_large_zone_r1.log,path_manager_20260812_075141.log
1,direct_off,r3_mountain_terrain_following,r3_single_large_zone,1,1,REJECTED,auto-N below threshold (phase mode: direct); single-shot fallback failed too,,1,1382.0,,,,541.6,508x896x117,32.03,3.79,,,,,0.0,,,,,,,,,1,1,0,0,1,,1,0,69144235,,,FAILED,auto-N below threshold (phase mode: direct); single-shot fallback failed too,FIXED,,,,,direct_off_r3_mountain_terrain_following_r3_single_large_zone_r1.log,path_manager_20260812_075200.log
1,off,r4_long_range_traverse,r4_traverse_chain,10,10,CLEAN,,chain,1,3946.0,3946.0,2378.0,1549.0,2294.7,2377x458x128,35.25,8.71,467,1904.4,0.364,0.0,100.3,maximum thrust,0.0000,0.0,0,0.0,0,true,0.10,10,10,0,0,0,9.095e-13,10,0,1083084342,0,0.63005,,,FIXED,,,,,off_r4_long_range_traverse_r4_traverse_chain_r1.log,path_manager_20260812_075218.log
1,on,r4_long_range_traverse,r4_traverse_chain,10,10,CLEAN,,chain,1,3952.0,3953.0,2345.0,1588.0,2264.3,2377x458x128,35.25,8.71,467,1905.5,0.15,0.3,106.6,bank angle,0.0000,0.0,0,0.0,0,true,0.10,10,10,0,0,0,1.017e-12,10,0,1083084342,0,0.62947,,,FIXED,,,,,on_r4_long_range_traverse_r4_traverse_chain_r1.log,path_manager_20260812_075241.log
1,direct_off,r4_long_range_traverse,r4_traverse_chain,10,10,CLEAN,,direct,1,10507.0,,,,2000.8,2377x458x128,35.25,8.71,,,0.385,0.0,96.6,bank angle,0.0000,0.0,0,0.0,0,true,0.10,10,10,0,0,2,,10,0,1083084342,0,0.63037,DEGRADED,auto-N below threshold (phase mode: direct),FIXED,,,,,direct_off_r4_long_range_traverse_r4_traverse_chain_r1.log,path_manager_20260812_075304.log
1,off,r5_extended_corridor,r5_corridor_wall,8,8,CLEAN,,chain,2,8364.0,8364.0,3151.0,5203.0,3083.2,350x1960x111,29.9,6.26,329,1142.9,0.399,0.0,96.6,maximum thrust,0.0000,0.0,0,0.0,3,true,0.10,8,8,0,0,0,1.286e-12,8,0,1206331407,0,,,,FIXED,,,,,off_r5_extended_corridor_r5_corridor_wall_r1.log,path_manager_20260812_075332.log
1,on,r5_extended_corridor,r5_corridor_wall,8,8,CLEAN,,chain,2,8184.0,8184.0,3136.0,5039.0,3067.8,350x1960x111,29.9,6.26,329,1143.0,0.284,0.0,96.8,maximum thrust,0.0000,0.0,0,0.0,3,true,0.10,8,8,0,0,0,9.095e-13,8,0,1206331407,0,,,,FIXED,,,,,on_r5_extended_corridor_r5_corridor_wall_r1.log,path_manager_20260812_075359.log
1,direct_off,r5_extended_corridor,r5_corridor_wall,8,8,CLEAN,,direct,2,18965.0,,,,2830.1,350x1960x111,29.9,6.26,,,0.358,0.0,95.3,maximum thrust,0.0000,0.0,0,0.0,3,true,0.10,8,8,0,0,2,,8,0,1206331407,0,,DEGRADED,auto-N below threshold (phase mode: direct),FIXED,,,,,direct_off_r5_extended_corridor_r5_corridor_wall_r1.log,path_manager_20260812_075426.log
1,off,r5_transition_success_probe,r5_corridor_wall,8,8,REJECTED,no candidate survived propagation gates (see audit counters),,2,3090.0,,,,2998.2,350x1960x111,29.9,6.26,,,,,,,,,,,,,,8,8,0,0,0,,8,0,703449073,,,FAILED,no candidate survived propagation gates (see audit counters),FIXED,,,,,off_r5_transition_success_probe_r5_corridor_wall_r1.log,path_manager_20260812_075503.log
1,on,r5_transition_success_probe,r5_corridor_wall,8,8,REJECTED,no candidate survived propagation gates (see audit counters),,2,3137.0,,,,3046.7,350x1960x111,29.9,6.26,,,,,,,,,,,,,,8,8,0,0,0,,8,0,703449073,,,FAILED,no candidate survived propagation gates (see audit counters),FIXED,,,,,on_r5_transition_success_probe_r5_corridor_wall_r1.log,path_manager_20260812_075525.log
1,direct_off,r5_transition_success_probe,r5_corridor_wall,8,8,REJECTED,no candidate survived propagation gates (see audit counters),,2,2920.0,,,,2834.0,350x1960x111,29.9,6.26,,,,,,,,,,,,,,8,8,0,0,0,,8,0,703449073,,,FAILED,no candidate survived propagation gates (see audit counters),FIXED,,,,,direct_off_r5_transition_success_probe_r5_corridor_wall_r1.log,path_manager_20260812_075547.log
1,off,r5_transition_reject_probe,r5_corridor_wall,8,8,REJECTED,commanded start acceleration is not flyable by the model (inverse commands do not reproduce it inside the envelope),,2,2861.0,,,,2796.9,350x1960x111,29.9,6.26,,,,,,,,,,,,,,8,8,0,0,0,,8,0,1494289997,,,FAILED,commanded start acceleration is not flyable by the model (inverse commands do no,FIXED,,,,,off_r5_transition_reject_probe_r5_corridor_wall_r1.log,path_manager_20260812_075609.log
1,on,r5_transition_reject_probe,r5_corridor_wall,8,8,REJECTED,commanded start acceleration is not flyable by the model (inverse commands do not reproduce it inside the envelope),,2,2859.0,,,,2795.2,350x1960x111,29.9,6.26,,,,,,,,,,,,,,8,8,0,0,0,,8,0,1494289997,,,FAILED,commanded start acceleration is not flyable by the model (inverse commands do no,FIXED,,,,,on_r5_transition_reject_probe_r5_corridor_wall_r1.log,path_manager_20260812_075631.log
1,direct_off,r5_transition_reject_probe,r5_corridor_wall,8,8,REJECTED,commanded start acceleration is not flyable by the model (inverse commands do not reproduce it inside the envelope),,2,2827.0,,,,2763.9,350x1960x111,29.9,6.26,,,,,,,,,,,,,,8,8,0,0,0,,8,0,1494289997,,,FAILED,commanded start acceleration is not flyable by the model (inverse commands do no,FIXED,,,,,direct_off_r5_transition_reject_probe_r5_corridor_wall_r1.log,path_manager_20260812_075652.log
1,off,r6_zone_slalom,r6_slalom_gates,8,8,CLEAN,,chain,2,5794.0,5795.0,3090.0,2813.0,3039.2,621x1176x128,35.47,6.6,111,538.2,0.079,0.1,101.4,load factor,0.0539,0.3,0,0.0,164,true,0.10,8,8,0,0,3,1.017e-12,8,0,1195167225,0,,DEGRADED,"phase handoffs not found (departure idx 31, arrival idx 34) — N kept, balanced j",FIXED,,,,,off_r6_zone_slalom_r6_slalom_gates_r1.log,path_manager_20260812_075714.log
1,on,r6_zone_slalom,r6_slalom_gates,8,8,CLEAN,,chain,2,5835.0,5836.0,3120.0,2824.0,3069.1,621x1176x128,35.47,6.6,111,538.2,0.079,0.1,101.4,load factor,0.0539,0.3,0,0.0,164,true,0.10,8,8,0,0,3,1.017e-12,8,0,1195167225,0,,DEGRADED,"phase handoffs not found (departure idx 31, arrival idx 34) — N kept, balanced j",FIXED,,,,,on_r6_zone_slalom_r6_slalom_gates_r1.log,path_manager_20260812_075738.log
1,direct_off,r6_zone_slalom,r6_slalom_gates,8,8,CLEAN,,direct,2,9356.0,,,,2829.0,621x1176x128,35.47,6.6,,,0.004,0.2,101.2,bank angle,0.0539,0.3,0,0.0,163,true,0.10,8,8,0,0,2,,8,0,1195167225,0,,DEGRADED,auto-N below threshold (phase mode: direct),FIXED,,,,,direct_off_r6_zone_slalom_r6_slalom_gates_r1.log,path_manager_20260812_075801.log
1,off,r7_encircled_goal,r7_goal_ring,8,8,REJECTED,N=2 shared handoff admits no arrival retry; single-shot fallback failed too,,1,952.0,,,,260.8,917x356x97,27.95,5.56,,,,,0.0,,,,,,,,,8,8,0,0,1,,8,0,1307715402,,,FAILED,N=2 shared handoff admits no arrival retry; single-shot fallback failed too,FIXED,,,,,off_r7_encircled_goal_r7_goal_ring_r1.log,path_manager_20260812_075828.log
1,on,r7_encircled_goal,r7_goal_ring,8,8,REJECTED,N=2 shared handoff admits no arrival retry; single-shot fallback failed too,,1,967.0,,,,275.9,917x356x97,27.95,5.56,,,,,0.0,,,,,,,,,8,8,0,0,1,,8,0,1307715402,,,FAILED,N=2 shared handoff admits no arrival retry; single-shot fallback failed too,FIXED,,,,,on_r7_encircled_goal_r7_goal_ring_r1.log,path_manager_20260812_075846.log
1,direct_off,r7_encircled_goal,r7_goal_ring,8,8,REJECTED,auto-N below threshold (phase mode: direct); single-shot fallback failed too,,1,855.0,,,,279.0,917x356x97,27.95,5.56,,,,,0.0,,,,,,,,,8,8,0,0,1,,8,0,1307715402,,,FAILED,auto-N below threshold (phase mode: direct); single-shot fallback failed too,FIXED,,,,,direct_off_r7_encircled_goal_r7_goal_ring_r1.log,path_manager_20260812_075905.log
2,on,r1_coastal_terrain_following,r1_dynamic_surface_obstacles,2,5,CLEAN,,chain,1,1013.0,1013.0,977.0,33.0,956.2,1969x489x120,32.05,6.17,99,827.9,0.656,0.0,93.3,maximum thrust,0.0000,0.0,0,0.0,0,true,0.10,5,5,0,0,1,4.547e-13,2,0,864902325,22,1.04939,DEGRADED,flight entered the routing standoff shell around a HARD_AVOID zone (22 samples) ,FIXED,1.04939,560.00,562.10,1,on_r1_coastal_terrain_following_r1_dynamic_surface_obstacles_r2.log,path_manager_20260812_075924.log
2,off,r1_coastal_terrain_following,r1_dynamic_surface_obstacles,2,5,CLEAN,,chain,1,1005.0,1005.0,969.0,33.0,947.8,1969x489x120,32.05,6.17,99,827.9,0.656,0.0,93.3,maximum thrust,0.0000,0.0,0,0.0,0,true,0.10,5,5,0,0,1,4.547e-13,2,0,864902325,22,1.04939,DEGRADED,flight entered the routing standoff shell around a HARD_AVOID zone (22 samples) ,FIXED,1.04939,560.00,562.10,1,off_r1_coastal_terrain_following_r1_dynamic_surface_obstacles_r2.log,path_manager_20260812_075943.log
2,on,r2_high_altitude_probe,,0,0,CLEAN,,chain,,513.0,514.0,312.0,199.0,297.1,537x950x98,32.25,10.14,98,482.7,0.579,0.0,94.3,maximum thrust,0.0000,0.0,0,0.0,0,true,0.10,0,,,,0,9.095e-13,0,0,205802275,0,,,,FIXED,,,,,on_r2_high_altitude_probe_nozone_r2.log,path_manager_20260812_080003.log
2,off,r2_high_altitude_probe,,0,0,CLEAN,,chain,,524.0,525.0,324.0,199.0,308.6,537x950x98,32.25,10.14,98,482.7,0.579,0.0,94.3,maximum thrust,0.0000,0.0,0,0.0,0,true,0.10,0,,,,0,9.095e-13,0,0,205802275,0,,,,FIXED,,,,,off_r2_high_altitude_probe_nozone_r2.log,path_manager_20260812_080015.log
2,on,r2_ridge_crossing,r2_ridge_gauntlet,6,6,CLEAN,,direct,1,26550.0,,,,1148.8,726x1139x124,34.28,10.28,,,0.29,0.0,99.2,bank angle,0.0000,0.0,0,0.0,0,true,0.10,6,6,0,0,2,,6,0,879430605,0,0.35307,DEGRADED,2 segments failed,FIXED,,,,,on_r2_ridge_crossing_r2_ridge_gauntlet_r2.log,path_manager_20260812_080026.log
2,off,r2_ridge_crossing,r2_ridge_gauntlet,6,6,CLEAN,,direct,1,32271.0,,,,1195.3,726x1139x124,34.28,10.28,,,0.29,0.0,99.2,bank angle,0.0000,0.0,0,0.0,0,true,0.10,6,6,0,0,2,,6,0,879430605,0,0.35307,DEGRADED,2 segments failed,FIXED,,,,,off_r2_ridge_crossing_r2_ridge_gauntlet_r2.log,path_manager_20260812_080112.log
2,on,r3_mountain_terrain_following,r3_dense_corridor,9,10,CLEAN,,chain,1,8841.0,8841.0,730.0,8107.0,695.0,356x718x134,36.89,8.0,159,326.9,0.285,0.4,101.9,bank angle,0.0000,0.0,0,0.0,0,true,0.10,10,10,0,0,1,9.095e-13,9,0,797329092,0,0.39104,DEGRADED,"phase handoffs not found (departure idx -1, arrival idx -1) — N kept, balanced j",FIXED,,,,,on_r3_mountain_terrain_following_r3_dense_corridor_r2.log,path_manager_20260812_080202.log
2,off,r3_mountain_terrain_following,r3_dense_corridor,9,10,CLEAN,,chain,1,9011.0,9012.0,738.0,8269.0,702.2,356x718x134,36.89,8.0,159,326.8,0.29,0.4,101.9,bank angle,0.0000,0.0,0,0.0,0,true,0.10,10,10,0,0,1,9.095e-13,9,0,797329092,0,0.39104,DEGRADED,"phase handoffs not found (departure idx -1, arrival idx -1) — N kept, balanced j",FIXED,,,,,off_r3_mountain_terrain_following_r3_dense_corridor_r2.log,path_manager_20260812_080230.log
2,on,r3_mountain_terrain_following,r3_dense_overlap,7,7,REJECTED,segment 3/3 failed (merge retries exhausted); single-shot fallback failed too,,1,2481.0,,,,855.7,467x763x125,34.29,7.1,,,,,5492.0,,,,,,,,,7,7,0,0,3,,7,0,797329092,,,FAILED,segment 3/3 failed (merge retries exhausted); single-shot fallback failed too,FIXED,,,,,on_r3_mountain_terrain_following_r3_dense_overlap_r2.log,path_manager_20260812_080257.log
2,off,r3_mountain_terrain_following,r3_dense_overlap,7,7,REJECTED,segment 3/3 failed (merge retries exhausted); single-shot fallback failed too,,1,2336.0,,,,770.2,467x763x125,34.29,7.1,,,,,5492.0,,,,,,,,,7,7,0,0,3,,7,0,797329092,,,FAILED,segment 3/3 failed (merge retries exhausted); single-shot fallback failed too,FIXED,,,,,off_r3_mountain_terrain_following_r3_dense_overlap_r2.log,path_manager_20260812_080317.log
2,on,r3_mountain_terrain_following,r3_goal_in_zone,1,1,CLEAN,,chain,1,5221.0,5222.0,364.0,4855.0,347.3,279x763x125,34.29,7.5,134,322.4,0.079,0.8,104.7,bank angle,0.8139,3.9,0,0.0,51,true,0.10,1,1,0,0,0,4.547e-13,1,0,797329092,0,,,,FIXED,,,,,on_r3_mountain_terrain_following_r3_goal_in_zone_r2.log,path_manager_20260812_080337.log
2,off,r3_mountain_terrain_following,r3_goal_in_zone,1,1,CLEAN,,chain,1,5151.0,5151.0,353.0,4795.0,336.3,279x763x125,34.29,7.5,134,322.4,0.079,0.8,104.7,bank angle,0.8139,3.9,0,0.0,51,true,0.10,1,1,0,0,0,4.547e-13,1,0,797329092,0,,,,FIXED,,,,,off_r3_mountain_terrain_following_r3_goal_in_zone_r2.log,path_manager_20260812_080400.log
2,on,r3_mountain_terrain_following,r3_mixed_terrain_zones,5,7,CLEAN,,chain,2,12427.0,12427.0,1656.0,10208.0,1624.8,317x740x126,34.67,6.62,162,320.6,0.179,1.6,102.6,bank angle,0.0010,0.0,0,0.0,23,true,0.10,7,7,0,0,3,4.441e-16,5,0,797329092,0,,DEGRADED,"phase handoffs not found (departure idx -1, arrival idx -1) — N kept, balanced j",FIXED,,,,,on_r3_mountain_terrain_following_r3_mixed_terrain_zones_r2.log,path_manager_20260812_080422.log
2,off,r3_mountain_terrain_following,r3_mixed_terrain_zones,5,7,CLEAN,,chain,2,12495.0,12496.0,1636.0,10856.0,1606.5,317x740x126,34.67,6.62,162,320.3,0.179,1.6,102.6,bank angle,0.0010,0.0,0,0.0,25,true,0.10,7,7,0,0,1,6.431e-13,5,0,797329092,0,,DEGRADED,"phase handoffs not found (departure idx -1, arrival idx -1) — N kept, balanced j",FIXED,,,,,off_r3_mountain_terrain_following_r3_mixed_terrain_zones_r2.log,path_manager_20260812_080452.log
2,on,r3_mountain_terrain_following,r3_multiple_zones,3,4,CLEAN,,chain,1,1115.0,1115.0,516.0,596.0,498.7,423x696x132,36.34,8.64,116,239.6,0.362,0.1,100.7,maximum thrust,0.0000,0.0,0,0.0,0,true,0.10,4,4,0,0,1,4.547e-13,3,0,797329092,0,0.61064,DEGRADED,"phase handoffs not found (departure idx 115, arrival idx -1) — N kept, balanced ",FIXED,,,,,on_r3_mountain_terrain_following_r3_multiple_zones_r2.log,path_manager_20260812_080522.log
2,off,r3_mountain_terrain_following,r3_multiple_zones,3,4,CLEAN,,chain,1,1070.0,1070.0,511.0,557.0,494.4,423x696x132,36.34,8.64,116,239.6,0.362,0.1,100.7,maximum thrust,0.0000,0.0,0,0.0,0,true,0.10,4,4,0,0,1,4.547e-13,3,0,797329092,0,0.61064,DEGRADED,"phase handoffs not found (departure idx 115, arrival idx -1) — N kept, balanced ",FIXED,,,,,off_r3_mountain_terrain_following_r3_multiple_zones_r2.log,path_manager_20260812_080540.log
2,on,r3_mountain_terrain_following,r3_nested_zones,4,4,CLEAN,,chain,1,2154.0,2155.0,891.0,1261.0,857.5,463x940x111,30.14,7.68,95,288.2,0.343,0.0,99.7,bank angle,0.0000,0.0,0,0.0,0,true,0.10,4,4,0,0,1,1.017e-12,4,0,797329092,0,0.61731,DEGRADED,"phase handoffs not found (departure idx -1, arrival idx -1) — N kept, balanced j",FIXED,,,,,on_r3_mountain_terrain_following_r3_nested_zones_r2.log,path_manager_20260812_080558.log
2,off,r3_mountain_terrain_following,r3_nested_zones,4,4,CLEAN,,chain,1,1406.0,1406.0,858.0,545.0,826.1,463x940x111,30.14,7.68,95,289.3,0.352,0.0,97.8,lift coefficient,0.0000,0.0,0,0.0,0,true,0.10,4,4,0,0,1,4.547e-13,4,0,797329092,0,0.61645,DEGRADED,"phase handoffs not found (departure idx -1, arrival idx -1) — N kept, balanced j",FIXED,,,,,off_r3_mountain_terrain_following_r3_nested_zones_r2.log,path_manager_20260812_080618.log
2,on,r3_mountain_terrain_following,r3_single_large_zone,1,1,REJECTED,segment 2/3 failed (merge retries exhausted); single-shot fallback failed too,,1,1629.0,,,,523.8,508x896x117,32.03,3.79,,,,,0.0,,,,,,,,,1,1,0,0,5,,1,0,797329092,,,FAILED,segment 2/3 failed (merge retries exhausted); single-shot fallback failed too,FIXED,,,,,on_r3_mountain_terrain_following_r3_single_large_zone_r2.log,path_manager_20260812_080637.log
2,off,r3_mountain_terrain_following,r3_single_large_zone,1,1,REJECTED,segment 3/3 failed (merge retries exhausted); single-shot fallback failed too,,1,1630.0,,,,537.3,508x896x117,32.03,3.79,,,,,0.0,,,,,,,,,1,1,0,0,3,,1,0,797329092,,,FAILED,segment 3/3 failed (merge retries exhausted); single-shot fallback failed too,FIXED,,,,,off_r3_mountain_terrain_following_r3_single_large_zone_r2.log,path_manager_20260812_080656.log
2,on,r4_long_range_traverse,r4_traverse_chain,10,10,CLEAN,,chain,1,4003.0,4004.0,2377.0,1607.0,2293.8,2377x458x128,35.25,8.71,467,1905.5,0.15,0.3,106.6,bank angle,0.0000,0.0,0,0.0,0,true,0.10,10,10,0,0,0,1.017e-12,10,0,1769386529,0,0.62947,,,FIXED,,,,,on_r4_long_range_traverse_r4_traverse_chain_r2.log,path_manager_20260812_080714.log
2,off,r4_long_range_traverse,r4_traverse_chain,10,10,CLEAN,,chain,1,3930.0,3931.0,2341.0,1571.0,2255.6,2377x458x128,35.25,8.71,467,1904.4,0.364,0.0,100.3,maximum thrust,0.0000,0.0,0,0.0,0,true,0.10,10,10,0,0,0,9.095e-13,10,0,1769386529,0,0.63005,,,FIXED,,,,,off_r4_long_range_traverse_r4_traverse_chain_r2.log,path_manager_20260812_080737.log
2,on,r5_extended_corridor,r5_corridor_wall,8,8,CLEAN,,chain,2,8137.0,8137.0,3088.0,5041.0,3018.5,350x1960x111,29.9,6.26,329,1143.0,0.284,0.0,96.8,maximum thrust,0.0000,0.0,0,0.0,3,true,0.10,8,8,0,0,0,9.095e-13,8,0,2038309950,0,,,,FIXED,,,,,on_r5_extended_corridor_r5_corridor_wall_r2.log,path_manager_20260812_080800.log
2,off,r5_extended_corridor,r5_corridor_wall,8,8,CLEAN,,chain,2,7352.0,7353.0,2887.0,4457.0,2822.8,350x1960x111,29.9,6.26,329,1142.9,0.399,0.0,96.6,maximum thrust,0.0000,0.0,0,0.0,3,true,0.10,8,8,0,0,0,1.286e-12,8,0,2038309950,0,,,,FIXED,,,,,off_r5_extended_corridor_r5_corridor_wall_r2.log,path_manager_20260812_080826.log
2,on,r5_transition_success_probe,r5_corridor_wall,8,8,REJECTED,no candidate survived propagation gates (see audit counters),,2,2869.0,,,,2783.2,350x1960x111,29.9,6.26,,,,,,,,,,,,,,8,8,0,0,0,,8,0,1278349892,,,FAILED,no candidate survived propagation gates (see audit counters),FIXED,,,,,on_r5_transition_success_probe_r5_corridor_wall_r2.log,path_manager_20260812_080853.log
2,off,r5_transition_success_probe,r5_corridor_wall,8,8,REJECTED,no candidate survived propagation gates (see audit counters),,2,2860.0,,,,2773.9,350x1960x111,29.9,6.26,,,,,,,,,,,,,,8,8,0,0,0,,8,0,1278349892,,,FAILED,no candidate survived propagation gates (see audit counters),FIXED,,,,,off_r5_transition_success_probe_r5_corridor_wall_r2.log,path_manager_20260812_080914.log
2,on,r5_transition_reject_probe,r5_corridor_wall,8,8,REJECTED,commanded start acceleration is not flyable by the model (inverse commands do not reproduce it inside the envelope),,2,2847.0,,,,2783.2,350x1960x111,29.9,6.26,,,,,,,,,,,,,,8,8,0,0,0,,8,0,1112815849,,,FAILED,commanded start acceleration is not flyable by the model (inverse commands do no,FIXED,,,,,on_r5_transition_reject_probe_r5_corridor_wall_r2.log,path_manager_20260812_080936.log
2,off,r5_transition_reject_probe,r5_corridor_wall,8,8,REJECTED,commanded start acceleration is not flyable by the model (inverse commands do not reproduce it inside the envelope),,2,2841.0,,,,2777.8,350x1960x111,29.9,6.26,,,,,,,,,,,,,,8,8,0,0,0,,8,0,1112815849,,,FAILED,commanded start acceleration is not flyable by the model (inverse commands do no,FIXED,,,,,off_r5_transition_reject_probe_r5_corridor_wall_r2.log,path_manager_20260812_080958.log
2,on,r6_zone_slalom,r6_slalom_gates,8,8,CLEAN,,chain,2,5830.0,5830.0,3183.0,2752.0,3133.0,621x1176x128,35.47,6.6,111,538.2,0.079,0.1,101.4,load factor,0.0539,0.3,0,0.0,164,true,0.10,8,8,0,0,3,1.017e-12,8,0,1678526680,0,,DEGRADED,"phase handoffs not found (departure idx 31, arrival idx 34) — N kept, balanced j",FIXED,,,,,on_r6_zone_slalom_r6_slalom_gates_r2.log,path_manager_20260812_081019.log
2,off,r6_zone_slalom,r6_slalom_gates,8,8,CLEAN,,chain,2,5915.0,5916.0,3113.0,2908.0,3063.0,621x1176x128,35.47,6.6,111,538.2,0.079,0.1,101.4,load factor,0.0539,0.3,0,0.0,164,true,0.10,8,8,0,0,3,1.017e-12,8,0,1678526680,0,,DEGRADED,"phase handoffs not found (departure idx 31, arrival idx 34) — N kept, balanced j",FIXED,,,,,off_r6_zone_slalom_r6_slalom_gates_r2.log,path_manager_20260812_081043.log
2,on,r7_encircled_goal,r7_goal_ring,8,8,REJECTED,N=2 shared handoff admits no arrival retry; single-shot fallback failed too,,1,955.0,,,,274.9,917x356x97,27.95,5.56,,,,,0.0,,,,,,,,,8,8,0,0,1,,8,0,949989504,,,FAILED,N=2 shared handoff admits no arrival retry; single-shot fallback failed too,FIXED,,,,,on_r7_encircled_goal_r7_goal_ring_r2.log,path_manager_20260812_081106.log
2,off,r7_encircled_goal,r7_goal_ring,8,8,REJECTED,N=2 shared handoff admits no arrival retry; single-shot fallback failed too,,1,941.0,,,,251.3,917x356x97,27.95,5.56,,,,,0.0,,,,,,,,,8,8,0,0,1,,8,0,949989504,,,FAILED,N=2 shared handoff admits no arrival retry; single-shot fallback failed too,FIXED,,,,,off_r7_encircled_goal_r7_goal_ring_r2.log,path_manager_20260812_081125.log
3,off,r1_coastal_terrain_following,r1_dynamic_surface_obstacles,2,5,CLEAN,,chain,1,992.0,993.0,954.0,36.0,933.1,1969x489x120,32.05,6.19,98,828.5,0.631,0.0,98.2,maximum thrust,0.0000,0.0,0,0.0,0,true,0.10,5,5,0,0,1,4.547e-13,2,0,1755846230,21,1.04948,DEGRADED,flight entered the routing standoff shell around a HARD_AVOID zone (21 samples) ,FIXED,1.04948,559.80,561.80,1,off_r1_coastal_terrain_following_r1_dynamic_surface_obstacles_r3.log,path_manager_20260812_081143.log
3,on,r1_coastal_terrain_following,r1_dynamic_surface_obstacles,2,5,CLEAN,,chain,1,1002.0,1003.0,960.0,39.0,939.4,1969x489x120,32.05,6.19,98,828.5,0.631,0.0,98.2,maximum thrust,0.0000,0.0,0,0.0,0,true,0.10,5,5,0,0,1,4.547e-13,2,0,1755846230,21,1.04948,DEGRADED,flight entered the routing standoff shell around a HARD_AVOID zone (21 samples) ,FIXED,1.04948,559.80,561.80,1,on_r1_coastal_terrain_following_r1_dynamic_surface_obstacles_r3.log,path_manager_20260812_081203.log
3,off,r2_high_altitude_probe,,0,0,CLEAN,,chain,,496.0,496.0,298.0,196.0,282.7,537x950x98,32.25,10.14,98,482.7,0.579,0.0,94.3,maximum thrust,0.0000,0.0,0,0.0,0,true,0.10,0,,,,0,9.095e-13,0,0,148657182,0,,,,FIXED,,,,,off_r2_high_altitude_probe_nozone_r3.log,path_manager_20260812_081222.log
3,on,r2_high_altitude_probe,,0,0,CLEAN,,chain,,510.0,510.0,308.0,199.0,293.1,537x950x98,32.25,10.14,98,482.7,0.579,0.0,94.3,maximum thrust,0.0000,0.0,0,0.0,0,true,0.10,0,,,,0,9.095e-13,0,0,148657182,0,,,,FIXED,,,,,on_r2_high_altitude_probe_nozone_r3.log,path_manager_20260812_081234.log
3,off,r2_ridge_crossing,r2_ridge_gauntlet,6,6,CLEAN,,direct,1,28429.0,,,,1133.2,726x1139x124,34.28,10.28,,,0.29,0.0,99.2,bank angle,0.0000,0.0,0,0.0,0,true,0.10,6,6,0,0,2,,6,0,1153164853,0,0.35307,DEGRADED,2 segments failed,FIXED,,,,,off_r2_ridge_crossing_r2_ridge_gauntlet_r3.log,path_manager_20260812_081246.log
3,on,r2_ridge_crossing,r2_ridge_gauntlet,6,6,CLEAN,,direct,1,26209.0,,,,1139.5,726x1139x124,34.28,10.28,,,0.29,0.0,99.2,bank angle,0.0000,0.0,0,0.0,0,true,0.10,6,6,0,0,2,,6,0,1153164853,0,0.35307,DEGRADED,2 segments failed,FIXED,,,,,on_r2_ridge_crossing_r2_ridge_gauntlet_r3.log,path_manager_20260812_081333.log
3,off,r3_mountain_terrain_following,r3_dense_corridor,9,10,CLEAN,,chain,1,5937.0,5938.0,651.0,5284.0,618.3,356x718x134,36.89,8.0,159,326.8,0.29,0.4,101.9,bank angle,0.0000,0.0,0,0.0,0,true,0.10,10,10,0,0,1,9.095e-13,9,0,567270769,0,0.39104,DEGRADED,"phase handoffs not found (departure idx -1, arrival idx -1) — N kept, balanced j",FIXED,,,,,off_r3_mountain_terrain_following_r3_dense_corridor_r3.log,path_manager_20260812_081418.log
3,on,r3_mountain_terrain_following,r3_dense_corridor,9,10,CLEAN,,chain,1,5838.0,5838.0,641.0,5194.0,608.5,356x718x134,36.89,8.0,159,326.9,0.285,0.4,101.9,bank angle,0.0000,0.0,0,0.0,0,true,0.10,10,10,0,0,1,9.095e-13,9,0,567270769,0,0.39104,DEGRADED,"phase handoffs not found (departure idx -1, arrival idx -1) — N kept, balanced j",FIXED,,,,,on_r3_mountain_terrain_following_r3_dense_corridor_r3.log,path_manager_20260812_081441.log
3,off,r3_mountain_terrain_following,r3_dense_overlap,7,7,REJECTED,segment 3/3 failed (merge retries exhausted); single-shot fallback failed too,,1,2015.0,,,,683.6,467x763x125,34.29,7.1,,,,,5492.0,,,,,,,,,7,7,0,0,3,,7,0,567270769,,,FAILED,segment 3/3 failed (merge retries exhausted); single-shot fallback failed too,FIXED,,,,,off_r3_mountain_terrain_following_r3_dense_overlap_r3.log,path_manager_20260812_081504.log
3,on,r3_mountain_terrain_following,r3_dense_overlap,7,7,REJECTED,segment 3/3 failed (merge retries exhausted); single-shot fallback failed too,,1,2045.0,,,,685.7,467x763x125,34.29,7.1,,,,,5492.0,,,,,,,,,7,7,0,0,3,,7,0,567270769,,,FAILED,segment 3/3 failed (merge retries exhausted); single-shot fallback failed too,FIXED,,,,,on_r3_mountain_terrain_following_r3_dense_overlap_r3.log,path_manager_20260812_081523.log
3,off,r3_mountain_terrain_following,r3_goal_in_zone,1,1,CLEAN,,chain,1,10884.0,10884.0,336.0,10546.0,318.4,279x763x125,34.29,7.75,141,322.3,0.083,0.8,104.6,bank angle,0.8140,3.9,0,0.0,52,true,0.10,1,1,0,0,0,1.017e-12,1,0,567270769,0,,,,FIXED,,,,,off_r3_mountain_terrain_following_r3_goal_in_zone_r3.log,path_manager_20260812_081543.log
3,on,r3_mountain_terrain_following,r3_goal_in_zone,1,1,CLEAN,,chain,1,10814.0,10815.0,343.0,10470.0,324.9,279x763x125,34.29,7.75,141,322.3,0.083,0.8,104.6,bank angle,0.8140,3.9,0,0.0,52,true,0.10,1,1,0,0,0,1.017e-12,1,0,567270769,0,,,,FIXED,,,,,on_r3_mountain_terrain_following_r3_goal_in_zone_r3.log,path_manager_20260812_081611.log
3,off,r3_mountain_terrain_following,r3_mixed_terrain_zones,5,7,CLEAN,,chain,2,9824.0,9824.0,1492.0,8329.0,1463.2,317x740x126,34.67,6.62,162,320.3,0.179,1.6,102.6,bank angle,0.0010,0.0,0,0.0,25,true,0.10,7,7,0,0,1,6.431e-13,5,0,567270769,0,,DEGRADED,"phase handoffs not found (departure idx -1, arrival idx -1) — N kept, balanced j",FIXED,,,,,off_r3_mountain_terrain_following_r3_mixed_terrain_zones_r3.log,path_manager_20260812_081640.log
3,on,r3_mountain_terrain_following,r3_mixed_terrain_zones,5,7,CLEAN,,chain,2,10480.0,10480.0,1530.0,8432.0,1501.1,317x740x126,34.67,6.62,162,320.6,0.179,1.6,102.6,bank angle,0.0010,0.0,0,0.0,23,true,0.10,7,7,0,0,3,4.441e-16,5,0,567270769,0,,DEGRADED,"phase handoffs not found (departure idx -1, arrival idx -1) — N kept, balanced j",FIXED,,,,,on_r3_mountain_terrain_following_r3_mixed_terrain_zones_r3.log,path_manager_20260812_081707.log
3,off,r3_mountain_terrain_following,r3_multiple_zones,3,4,CLEAN,,chain,1,881.0,881.0,485.0,394.0,469.3,423x696x132,36.34,8.64,106,239.0,0.353,0.1,100.7,maximum thrust,0.0000,0.0,0,0.0,0,true,0.10,4,4,0,0,1,4.547e-13,3,0,567270769,0,0.61064,DEGRADED,"phase handoffs not found (departure idx -1, arrival idx -1) — N kept, balanced j",FIXED,,,,,off_r3_mountain_terrain_following_r3_multiple_zones_r3.log,path_manager_20260812_081735.log
3,on,r3_mountain_terrain_following,r3_multiple_zones,3,4,CLEAN,,chain,1,929.0,930.0,478.0,450.0,461.5,423x696x132,36.34,8.64,106,239.0,0.353,0.1,100.7,maximum thrust,0.0000,0.0,0,0.0,0,true,0.10,4,4,0,0,1,4.547e-13,3,0,567270769,0,0.61064,DEGRADED,"phase handoffs not found (departure idx -1, arrival idx -1) — N kept, balanced j",FIXED,,,,,on_r3_mountain_terrain_following_r3_multiple_zones_r3.log,path_manager_20260812_081753.log
3,off,r3_mountain_terrain_following,r3_nested_zones,4,4,CLEAN,,chain,1,1368.0,1368.0,846.0,520.0,814.6,463x940x111,30.14,7.68,95,289.3,0.352,0.0,97.8,lift coefficient,0.0000,0.0,0,0.0,0,true,0.10,4,4,0,0,1,4.547e-13,4,0,567270769,0,0.61645,DEGRADED,"phase handoffs not found (departure idx -1, arrival idx -1) — N kept, balanced j",FIXED,,,,,off_r3_mountain_terrain_following_r3_nested_zones_r3.log,path_manager_20260812_081812.log
3,on,r3_mountain_terrain_following,r3_nested_zones,4,4,CLEAN,,chain,1,1871.0,1872.0,821.0,1048.0,789.7,463x940x111,30.14,7.68,95,288.2,0.343,0.0,99.7,bank angle,0.0000,0.0,0,0.0,0,true,0.10,4,4,0,0,1,1.017e-12,4,0,567270769,0,0.61731,DEGRADED,"phase handoffs not found (departure idx -1, arrival idx -1) — N kept, balanced j",FIXED,,,,,on_r3_mountain_terrain_following_r3_nested_zones_r3.log,path_manager_20260812_081830.log
3,off,r3_mountain_terrain_following,r3_single_large_zone,1,1,REJECTED,segment 3/3 failed (merge retries exhausted); single-shot fallback failed too,,1,1470.0,,,,487.8,508x896x117,32.03,3.79,,,,,0.0,,,,,,,,,1,1,0,0,3,,1,0,567270769,,,FAILED,segment 3/3 failed (merge retries exhausted); single-shot fallback failed too,FIXED,,,,,off_r3_mountain_terrain_following_r3_single_large_zone_r3.log,path_manager_20260812_081850.log
3,on,r3_mountain_terrain_following,r3_single_large_zone,1,1,REJECTED,segment 2/3 failed (merge retries exhausted); single-shot fallback failed too,,1,1514.0,,,,492.8,508x896x117,32.03,3.79,,,,,0.0,,,,,,,,,1,1,0,0,5,,1,0,567270769,,,FAILED,segment 2/3 failed (merge retries exhausted); single-shot fallback failed too,FIXED,,,,,on_r3_mountain_terrain_following_r3_single_large_zone_r3.log,path_manager_20260812_081908.log
3,off,r4_long_range_traverse,r4_traverse_chain,10,10,CLEAN,,chain,1,3591.0,3592.0,2171.0,1403.0,2093.2,2377x458x128,35.25,8.71,467,1904.4,0.364,0.0,100.3,maximum thrust,0.0000,0.0,0,0.0,0,true,0.10,10,10,0,0,0,9.095e-13,10,0,1896227081,0,0.63005,,,FIXED,,,,,off_r4_long_range_traverse_r4_traverse_chain_r3.log,path_manager_20260812_081927.log
3,on,r4_long_range_traverse,r4_traverse_chain,10,10,CLEAN,,chain,1,3493.0,3493.0,2150.0,1325.0,2072.0,2377x458x128,35.25,8.71,467,1905.5,0.15,0.3,106.6,bank angle,0.0000,0.0,0,0.0,0,true,0.10,10,10,0,0,0,1.017e-12,10,0,1896227081,0,0.62947,,,FIXED,,,,,on_r4_long_range_traverse_r4_traverse_chain_r3.log,path_manager_20260812_081948.log
3,off,r5_extended_corridor,r5_corridor_wall,8,8,CLEAN,,chain,2,7308.0,7308.0,2875.0,4424.0,2811.7,350x1960x111,29.9,6.26,329,1142.9,0.399,0.0,96.6,maximum thrust,0.0000,0.0,0,0.0,3,true,0.10,8,8,0,0,0,1.286e-12,8,0,1374094994,0,,,,FIXED,,,,,off_r5_extended_corridor_r5_corridor_wall_r3.log,path_manager_20260812_082009.log
3,on,r5_extended_corridor,r5_corridor_wall,8,8,CLEAN,,chain,2,7298.0,7298.0,2875.0,4415.0,2810.6,350x1960x111,29.9,6.26,329,1143.0,0.284,0.0,96.8,maximum thrust,0.0000,0.0,0,0.0,3,true,0.10,8,8,0,0,0,9.095e-13,8,0,1374094994,0,,,,FIXED,,,,,on_r5_extended_corridor_r5_corridor_wall_r3.log,path_manager_20260812_082035.log
3,off,r5_transition_success_probe,r5_corridor_wall,8,8,REJECTED,no candidate survived propagation gates (see audit counters),,2,2930.0,,,,2844.7,350x1960x111,29.9,6.26,,,,,,,,,,,,,,8,8,0,0,0,,8,0,1229705508,,,FAILED,no candidate survived propagation gates (see audit counters),FIXED,,,,,off_r5_transition_success_probe_r5_corridor_wall_r3.log,path_manager_20260812_082102.log
3,on,r5_transition_success_probe,r5_corridor_wall,8,8,REJECTED,no candidate survived propagation gates (see audit counters),,2,2876.0,,,,2790.3,350x1960x111,29.9,6.26,,,,,,,,,,,,,,8,8,0,0,0,,8,0,1229705508,,,FAILED,no candidate survived propagation gates (see audit counters),FIXED,,,,,on_r5_transition_success_probe_r5_corridor_wall_r3.log,path_manager_20260812_082123.log
3,off,r5_transition_reject_probe,r5_corridor_wall,8,8,REJECTED,commanded start acceleration is not flyable by the model (inverse commands do not reproduce it inside the envelope),,2,2828.0,,,,2764.5,350x1960x111,29.9,6.26,,,,,,,,,,,,,,8,8,0,0,0,,8,0,1560739544,,,FAILED,commanded start acceleration is not flyable by the model (inverse commands do no,FIXED,,,,,off_r5_transition_reject_probe_r5_corridor_wall_r3.log,path_manager_20260812_082145.log
3,on,r5_transition_reject_probe,r5_corridor_wall,8,8,REJECTED,commanded start acceleration is not flyable by the model (inverse commands do not reproduce it inside the envelope),,2,2851.0,,,,2788.1,350x1960x111,29.9,6.26,,,,,,,,,,,,,,8,8,0,0,0,,8,0,1560739544,,,FAILED,commanded start acceleration is not flyable by the model (inverse commands do no,FIXED,,,,,on_r5_transition_reject_probe_r5_corridor_wall_r3.log,path_manager_20260812_082206.log
3,off,r6_zone_slalom,r6_slalom_gates,8,8,CLEAN,,chain,2,5790.0,5790.0,3086.0,2800.0,3035.3,621x1176x128,35.47,6.6,111,538.2,0.079,0.1,101.4,load factor,0.0539,0.3,0,0.0,164,true,0.10,8,8,0,0,3,1.017e-12,8,0,1248294078,0,,DEGRADED,"phase handoffs not found (departure idx 31, arrival idx 34) — N kept, balanced j",FIXED,,,,,off_r6_zone_slalom_r6_slalom_gates_r3.log,path_manager_20260812_082228.log
3,on,r6_zone_slalom,r6_slalom_gates,8,8,CLEAN,,chain,2,5744.0,5744.0,3072.0,2781.0,3021.5,621x1176x128,35.47,6.6,111,538.2,0.079,0.1,101.4,load factor,0.0539,0.3,0,0.0,164,true,0.10,8,8,0,0,3,1.017e-12,8,0,1248294078,0,,DEGRADED,"phase handoffs not found (departure idx 31, arrival idx 34) — N kept, balanced j",FIXED,,,,,on_r6_zone_slalom_r6_slalom_gates_r3.log,path_manager_20260812_082252.log
3,off,r7_encircled_goal,r7_goal_ring,8,8,REJECTED,N=2 shared handoff admits no arrival retry; single-shot fallback failed too,,1,946.0,,,,265.0,917x356x97,27.95,5.56,,,,,0.0,,,,,,,,,8,8,0,0,1,,8,0,1052597313,,,FAILED,N=2 shared handoff admits no arrival retry; single-shot fallback failed too,FIXED,,,,,off_r7_encircled_goal_r7_goal_ring_r3.log,path_manager_20260812_082315.log
3,on,r7_encircled_goal,r7_goal_ring,8,8,REJECTED,N=2 shared handoff admits no arrival retry; single-shot fallback failed too,,1,942.0,,,,261.9,917x356x97,27.95,5.56,,,,,0.0,,,,,,,,,8,8,0,0,1,,8,0,1052597313,,,FAILED,N=2 shared handoff admits no arrival retry; single-shot fallback failed too,FIXED,,,,,on_r7_encircled_goal_r7_goal_ring_r3.log,path_manager_20260812_082334.log
4,on,r1_coastal_terrain_following,r1_dynamic_surface_obstacles,2,5,CLEAN,,chain,1,997.0,998.0,961.0,33.0,940.2,1969x489x120,32.05,6.17,98,827.7,0.658,0.0,93.8,maximum thrust,0.0000,0.0,0,0.0,0,true,0.10,5,5,0,0,1,9.095e-13,2,0,1413399797,22,1.04939,DEGRADED,flight entered the routing standoff shell around a HARD_AVOID zone (22 samples) ,FIXED,1.04939,559.90,562.00,1,on_r1_coastal_terrain_following_r1_dynamic_surface_obstacles_r4.log,path_manager_20260812_082352.log
4,off,r1_coastal_terrain_following,r1_dynamic_surface_obstacles,2,5,CLEAN,,chain,1,1009.0,1010.0,972.0,34.0,951.2,1969x489x120,32.05,6.17,98,827.7,0.658,0.0,93.8,maximum thrust,0.0000,0.0,0,0.0,0,true,0.10,5,5,0,0,1,9.095e-13,2,0,1413399797,22,1.04939,DEGRADED,flight entered the routing standoff shell around a HARD_AVOID zone (22 samples) ,FIXED,1.04939,559.90,562.00,1,off_r1_coastal_terrain_following_r1_dynamic_surface_obstacles_r4.log,path_manager_20260812_082412.log
4,on,r2_high_altitude_probe,,0,0,CLEAN,,chain,,491.0,491.0,296.0,193.0,281.0,537x950x98,32.25,10.14,98,482.7,0.579,0.0,94.3,maximum thrust,0.0000,0.0,0,0.0,0,true,0.10,0,,,,0,9.095e-13,0,0,837757593,0,,,,FIXED,,,,,on_r2_high_altitude_probe_nozone_r4.log,path_manager_20260812_082431.log
4,off,r2_high_altitude_probe,,0,0,CLEAN,,chain,,472.0,472.0,306.0,164.0,290.6,537x950x98,32.25,10.14,98,482.7,0.579,0.0,94.3,maximum thrust,0.0000,0.0,0,0.0,0,true,0.10,0,,,,0,9.095e-13,0,0,837757593,0,,,,FIXED,,,,,off_r2_high_altitude_probe_nozone_r4.log,path_manager_20260812_082443.log
4,on,r2_ridge_crossing,r2_ridge_gauntlet,6,6,CLEAN,,direct,1,25803.0,,,,1101.1,726x1139x124,34.28,10.28,,,0.29,0.0,99.2,bank angle,0.0000,0.0,0,0.0,0,true,0.10,6,6,0,0,2,,6,0,278175525,0,0.35307,DEGRADED,2 segments failed,FIXED,,,,,on_r2_ridge_crossing_r2_ridge_gauntlet_r4.log,path_manager_20260812_082455.log
4,off,r2_ridge_crossing,r2_ridge_gauntlet,6,6,CLEAN,,direct,1,28775.0,,,,1113.2,726x1139x124,34.28,10.28,,,0.29,0.0,99.2,bank angle,0.0000,0.0,0,0.0,0,true,0.10,6,6,0,0,2,,6,0,278175525,0,0.35307,DEGRADED,2 segments failed,FIXED,,,,,off_r2_ridge_crossing_r2_ridge_gauntlet_r4.log,path_manager_20260812_082539.log
4,on,r3_mountain_terrain_following,r3_dense_corridor,9,10,CLEAN,,chain,1,5784.0,5785.0,631.0,5150.0,598.6,356x718x134,36.89,8.0,159,326.9,0.285,0.4,101.9,bank angle,0.0000,0.0,0,0.0,0,true,0.10,10,10,0,0,1,9.095e-13,9,0,595065622,0,0.39104,DEGRADED,"phase handoffs not found (departure idx -1, arrival idx -1) — N kept, balanced j",FIXED,,,,,on_r3_mountain_terrain_following_r3_dense_corridor_r4.log,path_manager_20260812_082627.log
4,off,r3_mountain_terrain_following,r3_dense_corridor,9,10,CLEAN,,chain,1,5816.0,5817.0,631.0,5183.0,598.5,356x718x134,36.89,8.0,159,326.8,0.29,0.4,101.9,bank angle,0.0000,0.0,0,0.0,0,true,0.10,10,10,0,0,1,9.095e-13,9,0,595065622,0,0.39104,DEGRADED,"phase handoffs not found (departure idx -1, arrival idx -1) — N kept, balanced j",FIXED,,,,,off_r3_mountain_terrain_following_r3_dense_corridor_r4.log,path_manager_20260812_082650.log
4,on,r3_mountain_terrain_following,r3_dense_overlap,7,7,REJECTED,segment 3/3 failed (merge retries exhausted); single-shot fallback failed too,,1,2015.0,,,,674.8,467x763x125,34.29,7.1,,,,,5492.0,,,,,,,,,7,7,0,0,3,,7,0,595065622,,,FAILED,segment 3/3 failed (merge retries exhausted); single-shot fallback failed too,FIXED,,,,,on_r3_mountain_terrain_following_r3_dense_overlap_r4.log,path_manager_20260812_082714.log
4,off,r3_mountain_terrain_following,r3_dense_overlap,7,7,REJECTED,segment 3/3 failed (merge retries exhausted); single-shot fallback failed too,,1,1940.0,,,,656.4,467x763x125,34.29,7.1,,,,,5492.0,,,,,,,,,7,7,0,0,3,,7,0,595065622,,,FAILED,segment 3/3 failed (merge retries exhausted); single-shot fallback failed too,FIXED,,,,,off_r3_mountain_terrain_following_r3_dense_overlap_r4.log,path_manager_20260812_082733.log
4,on,r3_mountain_terrain_following,r3_goal_in_zone,1,1,CLEAN,,chain,1,3860.0,3860.0,318.0,3539.0,302.8,279x763x125,34.29,7.5,134,322.4,0.079,0.8,104.7,bank angle,0.8139,3.9,0,0.0,51,true,0.10,1,1,0,0,0,4.547e-13,1,0,595065622,0,,,,FIXED,,,,,on_r3_mountain_terrain_following_r3_goal_in_zone_r4.log,path_manager_20260812_082752.log
4,off,r3_mountain_terrain_following,r3_goal_in_zone,1,1,CLEAN,,chain,1,4274.0,4274.0,318.0,3954.0,302.4,279x763x125,34.29,7.5,134,322.4,0.079,0.8,104.7,bank angle,0.8139,3.9,0,0.0,51,true,0.10,1,1,0,0,0,4.547e-13,1,0,595065622,0,,,,FIXED,,,,,off_r3_mountain_terrain_following_r3_goal_in_zone_r4.log,path_manager_20260812_082814.log
4,on,r3_mountain_terrain_following,r3_mixed_terrain_zones,5,7,CLEAN,,chain,2,10363.0,10364.0,1496.0,8359.0,1467.9,317x740x126,34.67,6.62,162,320.6,0.179,1.6,102.6,bank angle,0.0010,0.0,0,0.0,23,true,0.10,7,7,0,0,3,4.441e-16,5,0,595065622,0,,DEGRADED,"phase handoffs not found (departure idx -1, arrival idx -1) — N kept, balanced j",FIXED,,,,,on_r3_mountain_terrain_following_r3_mixed_terrain_zones_r4.log,path_manager_20260812_082837.log
4,off,r3_mountain_terrain_following,r3_mixed_terrain_zones,5,7,CLEAN,,chain,2,9656.0,9656.0,1466.0,8188.0,1436.8,317x740x126,34.67,6.62,162,320.3,0.179,1.6,102.6,bank angle,0.0010,0.0,0,0.0,25,true,0.10,7,7,0,0,1,6.431e-13,5,0,595065622,0,,DEGRADED,"phase handoffs not found (departure idx -1, arrival idx -1) — N kept, balanced j",FIXED,,,,,off_r3_mountain_terrain_following_r3_mixed_terrain_zones_r4.log,path_manager_20260812_082905.log
4,on,r3_mountain_terrain_following,r3_multiple_zones,3,4,CLEAN,,chain,1,836.0,836.0,467.0,367.0,452.1,423x696x132,36.34,8.64,112,238.6,0.324,0.0,98.3,maximum thrust,0.0000,0.0,0,0.0,0,true,0.10,4,4,0,0,1,2.484e-16,3,0,595065622,0,0.61320,DEGRADED,"phase handoffs not found (departure idx -1, arrival idx -1) — N kept, balanced j",FIXED,,,,,on_r3_mountain_terrain_following_r3_multiple_zones_r4.log,path_manager_20260812_082932.log
4,off,r3_mountain_terrain_following,r3_multiple_zones,3,4,CLEAN,,chain,1,805.0,805.0,461.0,342.0,445.7,423x696x132,36.34,8.64,112,238.6,0.324,0.0,98.3,maximum thrust,0.0000,0.0,0,0.0,0,true,0.10,4,4,0,0,1,2.484e-16,3,0,595065622,0,0.61320,DEGRADED,"phase handoffs not found (departure idx -1, arrival idx -1) — N kept, balanced j",FIXED,,,,,off_r3_mountain_terrain_following_r3_multiple_zones_r4.log,path_manager_20260812_082950.log
4,on,r3_mountain_terrain_following,r3_nested_zones,4,4,CLEAN,,chain,1,1766.0,1767.0,788.0,976.0,757.5,463x940x111,30.14,7.68,95,288.2,0.343,0.0,99.7,bank angle,0.0000,0.0,0,0.0,0,true,0.10,4,4,0,0,1,1.017e-12,4,0,595065622,0,0.61731,DEGRADED,"phase handoffs not found (departure idx -1, arrival idx -1) — N kept, balanced j",FIXED,,,,,on_r3_mountain_terrain_following_r3_nested_zones_r4.log,path_manager_20260812_083009.log
4,off,r3_mountain_terrain_following,r3_nested_zones,4,4,CLEAN,,chain,1,1288.0,1288.0,798.0,488.0,766.6,463x940x111,30.14,7.68,95,289.3,0.352,0.0,97.8,lift coefficient,0.0000,0.0,0,0.0,0,true,0.10,4,4,0,0,1,4.547e-13,4,0,595065622,0,0.61645,DEGRADED,"phase handoffs not found (departure idx -1, arrival idx -1) — N kept, balanced j",FIXED,,,,,off_r3_mountain_terrain_following_r3_nested_zones_r4.log,path_manager_20260812_083028.log
4,on,r3_mountain_terrain_following,r3_single_large_zone,1,1,REJECTED,segment 2/3 failed (merge retries exhausted); single-shot fallback failed too,,1,1499.0,,,,486.3,508x896x117,32.03,3.79,,,,,0.0,,,,,,,,,1,1,0,0,5,,1,0,595065622,,,FAILED,segment 2/3 failed (merge retries exhausted); single-shot fallback failed too,FIXED,,,,,on_r3_mountain_terrain_following_r3_single_large_zone_r4.log,path_manager_20260812_083047.log
4,off,r3_mountain_terrain_following,r3_single_large_zone,1,1,REJECTED,segment 3/3 failed (merge retries exhausted); single-shot fallback failed too,,1,1473.0,,,,485.1,508x896x117,32.03,3.79,,,,,0.0,,,,,,,,,1,1,0,0,3,,1,0,595065622,,,FAILED,segment 3/3 failed (merge retries exhausted); single-shot fallback failed too,FIXED,,,,,off_r3_mountain_terrain_following_r3_single_large_zone_r4.log,path_manager_20260812_083105.log
4,on,r4_long_range_traverse,r4_traverse_chain,10,10,CLEAN,,chain,1,3516.0,3516.0,2134.0,1365.0,2057.0,2377x458x128,35.25,8.71,467,1905.5,0.15,0.3,106.6,bank angle,0.0000,0.0,0,0.0,0,true,0.10,10,10,0,0,0,1.017e-12,10,0,829511263,0,0.62947,,,FIXED,,,,,on_r4_long_range_traverse_r4_traverse_chain_r4.log,path_manager_20260812_083124.log
4,off,r4_long_range_traverse,r4_traverse_chain,10,10,CLEAN,,chain,1,3476.0,3477.0,2155.0,1304.0,2077.7,2377x458x128,35.25,8.71,467,1904.4,0.364,0.0,100.3,maximum thrust,0.0000,0.0,0,0.0,0,true,0.10,10,10,0,0,0,9.095e-13,10,0,829511263,0,0.63005,,,FIXED,,,,,off_r4_long_range_traverse_r4_traverse_chain_r4.log,path_manager_20260812_083145.log
4,on,r5_extended_corridor,r5_corridor_wall,8,8,CLEAN,,chain,2,7273.0,7273.0,2852.0,4412.0,2788.5,350x1960x111,29.9,6.26,329,1143.0,0.284,0.0,96.8,maximum thrust,0.0000,0.0,0,0.0,3,true,0.10,8,8,0,0,0,9.095e-13,8,0,467298303,0,,,,FIXED,,,,,on_r5_extended_corridor_r5_corridor_wall_r4.log,path_manager_20260812_083206.log
4,off,r5_extended_corridor,r5_corridor_wall,8,8,CLEAN,,chain,2,7261.0,7262.0,2813.0,4440.0,2750.4,350x1960x111,29.9,6.26,329,1142.9,0.399,0.0,96.6,maximum thrust,0.0000,0.0,0,0.0,3,true,0.10,8,8,0,0,0,1.286e-12,8,0,467298303,0,,,,FIXED,,,,,off_r5_extended_corridor_r5_corridor_wall_r4.log,path_manager_20260812_083232.log
4,on,r5_transition_success_probe,r5_corridor_wall,8,8,REJECTED,no candidate survived propagation gates (see audit counters),,2,2875.0,,,,2790.6,350x1960x111,29.9,6.26,,,,,,,,,,,,,,8,8,0,0,0,,8,0,1118784314,,,FAILED,no candidate survived propagation gates (see audit counters),FIXED,,,,,on_r5_transition_success_probe_r5_corridor_wall_r4.log,path_manager_20260812_083258.log
4,off,r5_transition_success_probe,r5_corridor_wall,8,8,REJECTED,no candidate survived propagation gates (see audit counters),,2,2838.0,,,,2753.6,350x1960x111,29.9,6.26,,,,,,,,,,,,,,8,8,0,0,0,,8,0,1118784314,,,FAILED,no candidate survived propagation gates (see audit counters),FIXED,,,,,off_r5_transition_success_probe_r5_corridor_wall_r4.log,path_manager_20260812_083320.log
4,on,r5_transition_reject_probe,r5_corridor_wall,8,8,REJECTED,commanded start acceleration is not flyable by the model (inverse commands do not reproduce it inside the envelope),,2,2834.0,,,,2771.6,350x1960x111,29.9,6.26,,,,,,,,,,,,,,8,8,0,0,0,,8,0,274678298,,,FAILED,commanded start acceleration is not flyable by the model (inverse commands do no,FIXED,,,,,on_r5_transition_reject_probe_r5_corridor_wall_r4.log,path_manager_20260812_083342.log
4,off,r5_transition_reject_probe,r5_corridor_wall,8,8,REJECTED,commanded start acceleration is not flyable by the model (inverse commands do not reproduce it inside the envelope),,2,2827.0,,,,2764.0,350x1960x111,29.9,6.26,,,,,,,,,,,,,,8,8,0,0,0,,8,0,274678298,,,FAILED,commanded start acceleration is not flyable by the model (inverse commands do no,FIXED,,,,,off_r5_transition_reject_probe_r5_corridor_wall_r4.log,path_manager_20260812_083403.log
4,on,r6_zone_slalom,r6_slalom_gates,8,8,CLEAN,,chain,2,5746.0,5746.0,3049.0,2803.0,2998.1,621x1176x128,35.47,6.6,111,538.2,0.079,0.1,101.4,load factor,0.0539,0.3,0,0.0,164,true,0.10,8,8,0,0,3,1.017e-12,8,0,84725082,0,,DEGRADED,"phase handoffs not found (departure idx 31, arrival idx 34) — N kept, balanced j",FIXED,,,,,on_r6_zone_slalom_r6_slalom_gates_r4.log,path_manager_20260812_083425.log
4,off,r6_zone_slalom,r6_slalom_gates,8,8,CLEAN,,chain,2,5796.0,5796.0,3059.0,2840.0,3008.8,621x1176x128,35.47,6.6,111,538.2,0.079,0.1,101.4,load factor,0.0539,0.3,0,0.0,164,true,0.10,8,8,0,0,3,1.017e-12,8,0,84725082,0,,DEGRADED,"phase handoffs not found (departure idx 31, arrival idx 34) — N kept, balanced j",FIXED,,,,,off_r6_zone_slalom_r6_slalom_gates_r4.log,path_manager_20260812_083448.log
4,on,r7_encircled_goal,r7_goal_ring,8,8,REJECTED,N=2 shared handoff admits no arrival retry; single-shot fallback failed too,,1,947.0,,,,265.7,917x356x97,27.95,5.56,,,,,0.0,,,,,,,,,8,8,0,0,1,,8,0,867288882,,,FAILED,N=2 shared handoff admits no arrival retry; single-shot fallback failed too,FIXED,,,,,on_r7_encircled_goal_r7_goal_ring_r4.log,path_manager_20260812_083512.log
4,off,r7_encircled_goal,r7_goal_ring,8,8,REJECTED,N=2 shared handoff admits no arrival retry; single-shot fallback failed too,,1,944.0,,,,257.8,917x356x97,27.95,5.56,,,,,0.0,,,,,,,,,8,8,0,0,1,,8,0,867288882,,,FAILED,N=2 shared handoff admits no arrival retry; single-shot fallback failed too,FIXED,,,,,off_r7_encircled_goal_r7_goal_ring_r4.log,path_manager_20260812_083530.log
5,off,r1_coastal_terrain_following,r1_dynamic_surface_obstacles,2,5,CLEAN,,chain,1,990.0,991.0,954.0,33.0,933.7,1969x489x120,32.05,6.19,98,828.5,0.631,0.0,98.1,maximum thrust,0.0000,0.0,0,0.0,0,true,0.10,5,5,0,0,1,4.547e-13,2,0,806510283,20,1.04948,DEGRADED,flight entered the routing standoff shell around a HARD_AVOID zone (20 samples) ,FIXED,1.04948,559.90,561.80,1,off_r1_coastal_terrain_following_r1_dynamic_surface_obstacles_r5.log,path_manager_20260812_083548.log
5,on,r1_coastal_terrain_following,r1_dynamic_surface_obstacles,2,5,CLEAN,,chain,1,996.0,997.0,959.0,34.0,938.4,1969x489x120,32.05,6.19,98,828.5,0.631,0.0,98.1,maximum thrust,0.0000,0.0,0,0.0,0,true,0.10,5,5,0,0,1,4.547e-13,2,0,806510283,20,1.04948,DEGRADED,flight entered the routing standoff shell around a HARD_AVOID zone (20 samples) ,FIXED,1.04948,559.90,561.80,1,on_r1_coastal_terrain_following_r1_dynamic_surface_obstacles_r5.log,path_manager_20260812_083608.log
5,off,r2_high_altitude_probe,,0,0,CLEAN,,chain,,481.0,481.0,305.0,174.0,289.8,537x950x98,32.25,10.14,98,482.7,0.579,0.0,94.3,maximum thrust,0.0000,0.0,0,0.0,0,true,0.10,0,,,,0,9.095e-13,0,0,801791957,0,,,,FIXED,,,,,off_r2_high_altitude_probe_nozone_r5.log,path_manager_20260812_083628.log
5,on,r2_high_altitude_probe,,0,0,CLEAN,,chain,,480.0,480.0,304.0,174.0,288.7,537x950x98,32.25,10.14,98,482.7,0.579,0.0,94.3,maximum thrust,0.0000,0.0,0,0.0,0,true,0.10,0,,,,0,9.095e-13,0,0,801791957,0,,,,FIXED,,,,,on_r2_high_altitude_probe_nozone_r5.log,path_manager_20260812_083640.log
5,off,r2_ridge_crossing,r2_ridge_gauntlet,6,6,CLEAN,,direct,1,28714.0,,,,1113.8,726x1139x124,34.28,10.28,,,0.29,0.0,99.2,bank angle,0.0000,0.0,0,0.0,0,true,0.10,6,6,0,0,2,,6,0,967315184,0,0.35307,DEGRADED,2 segments failed,FIXED,,,,,off_r2_ridge_crossing_r2_ridge_gauntlet_r5.log,path_manager_20260812_083652.log
5,on,r2_ridge_crossing,r2_ridge_gauntlet,6,6,CLEAN,,direct,1,25595.0,,,,1145.2,726x1139x124,34.28,10.28,,,0.29,0.0,99.2,bank angle,0.0000,0.0,0,0.0,0,true,0.10,6,6,0,0,2,,6,0,967315184,0,0.35307,DEGRADED,2 segments failed,FIXED,,,,,on_r2_ridge_crossing_r2_ridge_gauntlet_r5.log,path_manager_20260812_083739.log
5,off,r3_mountain_terrain_following,r3_dense_corridor,9,10,CLEAN,,chain,1,5842.0,5842.0,643.0,5196.0,610.7,356x718x134,36.89,8.0,159,326.8,0.29,0.4,101.9,bank angle,0.0000,0.0,0,0.0,0,true,0.10,10,10,0,0,1,9.095e-13,9,0,2005683228,0,0.39104,DEGRADED,"phase handoffs not found (departure idx -1, arrival idx -1) — N kept, balanced j",FIXED,,,,,off_r3_mountain_terrain_following_r3_dense_corridor_r5.log,path_manager_20260812_083823.log
5,on,r3_mountain_terrain_following,r3_dense_corridor,9,10,CLEAN,,chain,1,5766.0,5766.0,627.0,5136.0,594.7,356x718x134,36.89,8.0,159,326.9,0.285,0.4,101.9,bank angle,0.0000,0.0,0,0.0,0,true,0.10,10,10,0,0,1,9.095e-13,9,0,2005683228,0,0.39104,DEGRADED,"phase handoffs not found (departure idx -1, arrival idx -1) — N kept, balanced j",FIXED,,,,,on_r3_mountain_terrain_following_r3_dense_corridor_r5.log,path_manager_20260812_083846.log
5,off,r3_mountain_terrain_following,r3_dense_overlap,7,7,REJECTED,segment 3/3 failed (merge retries exhausted); single-shot fallback failed too,,1,1975.0,,,,688.4,467x763x125,34.29,7.1,,,,,5492.0,,,,,,,,,7,7,0,0,3,,7,0,2005683228,,,FAILED,segment 3/3 failed (merge retries exhausted); single-shot fallback failed too,FIXED,,,,,off_r3_mountain_terrain_following_r3_dense_overlap_r5.log,path_manager_20260812_083910.log
5,on,r3_mountain_terrain_following,r3_dense_overlap,7,7,REJECTED,segment 3/3 failed (merge retries exhausted); single-shot fallback failed too,,1,1984.0,,,,675.6,467x763x125,34.29,7.1,,,,,5492.0,,,,,,,,,7,7,0,0,3,,7,0,2005683228,,,FAILED,segment 3/3 failed (merge retries exhausted); single-shot fallback failed too,FIXED,,,,,on_r3_mountain_terrain_following_r3_dense_overlap_r5.log,path_manager_20260812_083929.log
5,off,r3_mountain_terrain_following,r3_goal_in_zone,1,1,CLEAN,,chain,1,10556.0,10557.0,330.0,10224.0,312.9,279x763x125,34.29,7.75,141,322.3,0.083,0.8,104.6,bank angle,0.8140,3.9,0,0.0,52,true,0.10,1,1,0,0,0,1.017e-12,1,0,2005683228,0,,,,FIXED,,,,,off_r3_mountain_terrain_following_r3_goal_in_zone_r5.log,path_manager_20260812_083949.log
5,on,r3_mountain_terrain_following,r3_goal_in_zone,1,1,CLEAN,,chain,1,10084.0,10085.0,321.0,9761.0,303.6,279x763x125,34.29,7.75,141,322.3,0.083,0.8,104.6,bank angle,0.8140,3.9,0,0.0,52,true,0.10,1,1,0,0,0,1.017e-12,1,0,2005683228,0,,,,FIXED,,,,,on_r3_mountain_terrain_following_r3_goal_in_zone_r5.log,path_manager_20260812_084017.log
5,off,r3_mountain_terrain_following,r3_mixed_terrain_zones,5,7,CLEAN,,chain,2,9802.0,9802.0,1479.0,8320.0,1450.8,317x740x126,34.67,6.62,162,320.3,0.179,1.6,102.6,bank angle,0.0010,0.0,0,0.0,25,true,0.10,7,7,0,0,1,6.431e-13,5,0,2005683228,0,,DEGRADED,"phase handoffs not found (departure idx -1, arrival idx -1) — N kept, balanced j",FIXED,,,,,off_r3_mountain_terrain_following_r3_mixed_terrain_zones_r5.log,path_manager_20260812_084044.log
5,on,r3_mountain_terrain_following,r3_mixed_terrain_zones,5,7,CLEAN,,chain,2,10121.0,10121.0,1469.0,8141.0,1440.4,317x740x126,34.67,6.62,162,320.6,0.179,1.6,102.6,bank angle,0.0010,0.0,0,0.0,23,true,0.10,7,7,0,0,3,4.441e-16,5,0,2005683228,0,,DEGRADED,"phase handoffs not found (departure idx -1, arrival idx -1) — N kept, balanced j",FIXED,,,,,on_r3_mountain_terrain_following_r3_mixed_terrain_zones_r5.log,path_manager_20260812_084111.log
5,off,r3_mountain_terrain_following,r3_multiple_zones,3,4,CLEAN,,chain,1,976.0,976.0,466.0,508.0,450.8,423x696x132,36.34,8.61,101,237.7,0.347,0.0,96.7,maximum thrust,0.0000,0.0,0,0.0,0,true,0.10,4,4,0,0,1,1.017e-12,3,0,2005683228,0,0.61391,DEGRADED,"phase handoffs not found (departure idx -1, arrival idx -1) — N kept, balanced j",FIXED,,,,,off_r3_mountain_terrain_following_r3_multiple_zones_r5.log,path_manager_20260812_084139.log
5,on,r3_mountain_terrain_following,r3_multiple_zones,3,4,CLEAN,,chain,1,919.0,920.0,462.0,456.0,447.1,423x696x132,36.34,8.61,101,237.7,0.347,0.0,96.7,maximum thrust,0.0000,0.0,0,0.0,0,true,0.10,4,4,0,0,1,1.017e-12,3,0,2005683228,0,0.61391,DEGRADED,"phase handoffs not found (departure idx -1, arrival idx -1) — N kept, balanced j",FIXED,,,,,on_r3_mountain_terrain_following_r3_multiple_zones_r5.log,path_manager_20260812_084157.log
5,off,r3_mountain_terrain_following,r3_nested_zones,4,4,CLEAN,,chain,1,1280.0,1281.0,779.0,499.0,748.4,463x940x111,30.14,7.68,95,289.3,0.352,0.0,97.8,lift coefficient,0.0000,0.0,0,0.0,0,true,0.10,4,4,0,0,1,4.547e-13,4,0,2005683228,0,0.61645,DEGRADED,"phase handoffs not found (departure idx -1, arrival idx -1) — N kept, balanced j",FIXED,,,,,off_r3_mountain_terrain_following_r3_nested_zones_r5.log,path_manager_20260812_084216.log
5,on,r3_mountain_terrain_following,r3_nested_zones,4,4,CLEAN,,chain,1,1738.0,1738.0,786.0,950.0,755.3,463x940x111,30.14,7.68,95,288.2,0.343,0.0,99.7,bank angle,0.0000,0.0,0,0.0,0,true,0.10,4,4,0,0,1,1.017e-12,4,0,2005683228,0,0.61731,DEGRADED,"phase handoffs not found (departure idx -1, arrival idx -1) — N kept, balanced j",FIXED,,,,,on_r3_mountain_terrain_following_r3_nested_zones_r5.log,path_manager_20260812_084235.log
5,off,r3_mountain_terrain_following,r3_single_large_zone,1,1,REJECTED,segment 3/3 failed (merge retries exhausted); single-shot fallback failed too,,1,1474.0,,,,491.6,508x896x117,32.03,3.79,,,,,0.0,,,,,,,,,1,1,0,0,3,,1,0,2005683228,,,FAILED,segment 3/3 failed (merge retries exhausted); single-shot fallback failed too,FIXED,,,,,off_r3_mountain_terrain_following_r3_single_large_zone_r5.log,path_manager_20260812_084254.log
5,on,r3_mountain_terrain_following,r3_single_large_zone,1,1,REJECTED,segment 2/3 failed (merge retries exhausted); single-shot fallback failed too,,1,1471.0,,,,479.6,508x896x117,32.03,3.79,,,,,0.0,,,,,,,,,1,1,0,0,5,,1,0,2005683228,,,FAILED,segment 2/3 failed (merge retries exhausted); single-shot fallback failed too,FIXED,,,,,on_r3_mountain_terrain_following_r3_single_large_zone_r5.log,path_manager_20260812_084313.log
5,off,r4_long_range_traverse,r4_traverse_chain,10,10,CLEAN,,chain,1,3450.0,3450.0,2150.0,1283.0,2073.0,2377x458x128,35.25,8.71,467,1904.4,0.364,0.0,100.3,maximum thrust,0.0000,0.0,0,0.0,0,true,0.10,10,10,0,0,0,9.095e-13,10,0,264354133,0,0.63005,,,FIXED,,,,,off_r4_long_range_traverse_r4_traverse_chain_r5.log,path_manager_20260812_084332.log
5,on,r4_long_range_traverse,r4_traverse_chain,10,10,CLEAN,,chain,1,3432.0,3433.0,2133.0,1282.0,2056.5,2377x458x128,35.25,8.71,467,1905.5,0.15,0.3,106.6,bank angle,0.0000,0.0,0,0.0,0,true,0.10,10,10,0,0,0,1.017e-12,10,0,264354133,0,0.62947,,,FIXED,,,,,on_r4_long_range_traverse_r4_traverse_chain_r5.log,path_manager_20260812_084354.log
5,off,r5_extended_corridor,r5_corridor_wall,8,8,CLEAN,,chain,2,7202.0,7203.0,2830.0,4364.0,2766.7,350x1960x111,29.9,6.26,329,1142.9,0.399,0.0,96.6,maximum thrust,0.0000,0.0,0,0.0,3,true,0.10,8,8,0,0,0,1.286e-12,8,0,857104815,0,,,,FIXED,,,,,off_r5_extended_corridor_r5_corridor_wall_r5.log,path_manager_20260812_084415.log
5,on,r5_extended_corridor,r5_corridor_wall,8,8,CLEAN,,chain,2,7205.0,7205.0,2848.0,4349.0,2784.9,350x1960x111,29.9,6.26,329,1143.0,0.284,0.0,96.8,maximum thrust,0.0000,0.0,0,0.0,3,true,0.10,8,8,0,0,0,9.095e-13,8,0,857104815,0,,,,FIXED,,,,,on_r5_extended_corridor_r5_corridor_wall_r5.log,path_manager_20260812_084440.log
5,off,r5_transition_success_probe,r5_corridor_wall,8,8,REJECTED,no candidate survived propagation gates (see audit counters),,2,2841.0,,,,2756.7,350x1960x111,29.9,6.26,,,,,,,,,,,,,,8,8,0,0,0,,8,0,102844366,,,FAILED,no candidate survived propagation gates (see audit counters),FIXED,,,,,off_r5_transition_success_probe_r5_corridor_wall_r5.log,path_manager_20260812_084506.log
5,on,r5_transition_success_probe,r5_corridor_wall,8,8,REJECTED,no candidate survived propagation gates (see audit counters),,2,2865.0,,,,2778.9,350x1960x111,29.9,6.26,,,,,,,,,,,,,,8,8,0,0,0,,8,0,102844366,,,FAILED,no candidate survived propagation gates (see audit counters),FIXED,,,,,on_r5_transition_success_probe_r5_corridor_wall_r5.log,path_manager_20260812_084528.log
5,off,r5_transition_reject_probe,r5_corridor_wall,8,8,REJECTED,commanded start acceleration is not flyable by the model (inverse commands do not reproduce it inside the envelope),,2,2818.0,,,,2753.7,350x1960x111,29.9,6.26,,,,,,,,,,,,,,8,8,0,0,0,,8,0,882280231,,,FAILED,commanded start acceleration is not flyable by the model (inverse commands do no,FIXED,,,,,off_r5_transition_reject_probe_r5_corridor_wall_r5.log,path_manager_20260812_084549.log
5,on,r5_transition_reject_probe,r5_corridor_wall,8,8,REJECTED,commanded start acceleration is not flyable by the model (inverse commands do not reproduce it inside the envelope),,2,2844.0,,,,2781.1,350x1960x111,29.9,6.26,,,,,,,,,,,,,,8,8,0,0,0,,8,0,882280231,,,FAILED,commanded start acceleration is not flyable by the model (inverse commands do no,FIXED,,,,,on_r5_transition_reject_probe_r5_corridor_wall_r5.log,path_manager_20260812_084611.log
5,off,r6_zone_slalom,r6_slalom_gates,8,8,CLEAN,,chain,2,5772.0,5773.0,3084.0,2795.0,3033.4,621x1176x128,35.47,6.6,111,538.2,0.079,0.1,101.4,load factor,0.0539,0.3,0,0.0,164,true,0.10,8,8,0,0,3,1.017e-12,8,0,519138748,0,,DEGRADED,"phase handoffs not found (departure idx 31, arrival idx 34) — N kept, balanced j",FIXED,,,,,off_r6_zone_slalom_r6_slalom_gates_r5.log,path_manager_20260812_084632.log
5,on,r6_zone_slalom,r6_slalom_gates,8,8,CLEAN,,chain,2,5767.0,5767.0,3067.0,2795.0,3017.1,621x1176x128,35.47,6.6,111,538.2,0.079,0.1,101.4,load factor,0.0539,0.3,0,0.0,164,true,0.10,8,8,0,0,3,1.017e-12,8,0,519138748,0,,DEGRADED,"phase handoffs not found (departure idx 31, arrival idx 34) — N kept, balanced j",FIXED,,,,,on_r6_zone_slalom_r6_slalom_gates_r5.log,path_manager_20260812_084656.log
5,off,r7_encircled_goal,r7_goal_ring,8,8,REJECTED,N=2 shared handoff admits no arrival retry; single-shot fallback failed too,,1,949.0,,,,263.8,917x356x97,27.95,5.56,,,,,0.0,,,,,,,,,8,8,0,0,1,,8,0,1586758753,,,FAILED,N=2 shared handoff admits no arrival retry; single-shot fallback failed too,FIXED,,,,,off_r7_encircled_goal_r7_goal_ring_r5.log,path_manager_20260812_084720.log
5,on,r7_encircled_goal,r7_goal_ring,8,8,REJECTED,N=2 shared handoff admits no arrival retry; single-shot fallback failed too,,1,955.0,,,,265.4,917x356x97,27.95,5.56,,,,,0.0,,,,,,,,,8,8,0,0,1,,8,0,1586758753,,,FAILED,N=2 shared handoff admits no arrival retry; single-shot fallback failed too,FIXED,,,,,on_r7_encircled_goal_r7_goal_ring_r5.log,path_manager_20260812_084738.log
